type,latitude,longitude,altitude (m),name
T,0,0,0,
T,0,0,0,
T,0,0,0,
T,0,0,0,
T,0,0,0,
T,0,0,0,
T,0,0,0,
T,0,0,0,
T,0,0,0,
T,0,0,0,
T,0,0,0,
T,0,0,0,
T,0,0,0,
T,0,0,0,
T,0,0,0,
T,0,0,0,
T,0,0,0,
T,0,0,0,
T,0,0,0,
T,0,0,0,
T,0,0,0,
T,0,0,0,
T,0,0,0,
T,0,0,0,
T,0,0,0,
T,0,0,0,
T,0,0,0,
T,0,0,0,
T,0,0,0,
T,0,0,0,
T,0,0,0,
T,0,0,0,
T,0,0,0,
T,0,0,0,
T,0,0,0,
T,0,0,0,
T,0,0,0,
T,0,0,0,
T,0,0,0,
T,0,0,0,
T,0,0,0,
T,0,0,0,
T,0,0,0,
T,0,0,0,
T,0,0,0,
T,0,0,0,
T,0,0,0,
T,0,0,0,
T,0,0,0,
T,0,0,0,
T,0,0,0,
T,0,0,0,
T,0,0,0,
T,0,0,0,
T,0,0,0,
T,0,0,0,
T,0,0,0,
T,0,0,0,
T,0,0,0,
T,0,0,0,
T,0,0,0,
T,0,0,0,
T,0,0,0,
T,0,0,0,
T,0,0,0,
T,0,0,0,
T,0,0,0,
T,0,0,0,
T,0,0,0,
T,0,0,0,
T,0,0,0,
T,0,0,0,
T,0,0,0,
T,0,0,0,
T,0,0,0,
T,0,0,0,
T,0,0,0,
T,0,0,0,
T,0,0,0,
T,0,0,0,
T,0,0,0,
T,0,0,0,
T,0,0,0,
T,0,0,0,
T,0,0,0,
T,0,0,0,
T,0,0,0,
T,0,0,0,
T,0,0,0,
T,0,0,0,
T,0,0,0,
T,0,0,0,
T,0,0,0,
T,0,0,0,
T,0,0,0,
T,0,0,0,
T,0,0,0,
T,0,0,0,
T,0,0,0,
T,0,0,0,
T,0,0,0,
T,0,0,0,
T,0,0,0,
T,0,0,0,
T,0,0,0,
T,0,0,0,
T,0,0,0,
T,0,0,0,
T,0,0,0,
T,0,0,0,
T,0,0,0,
T,0,0,0,
T,0,0,0,
T,0,0,0,
T,0,0,0,
T,0,0,0,
T,0,0,0,
T,0,0,0,
T,0,0,0,
T,0,0,0,
T,0,0,0,
T,0,0,0,
T,0,0,0,
T,0,0,0,
T,0,0,0,
T,0,0,0,
T,0,0,0,
T,0,0,0,
T,0,0,0,
T,0,0,0,
T,0,0,0,
T,0,0,0,
T,0,0,0,
T,0,0,0,
T,0,0,0,
T,0,0,0,
T,0,0,0,
T,0,0,0,
T,0,0,0,
T,0,0,0,
T,0,0,0,
T,0,0,0,
T,0,0,0,
T,0,0,0,
T,0,0,0,
T,0,0,0,
T,0,0,0,
T,0,0,0,
T,0,0,0,
T,0,0,0,
T,0,0,0,
T,0,0,0,
T,0,0,0,
T,0,0,0,
T,0,0,0,
T,0,0,0,
T,0,0,0,
T,0,0,0,
T,0,0,0,
T,0,0,0,
T,0,0,0,
T,0,0,0,
T,0,0,0,
T,0,0,0,
T,0,0,0,
T,0,0,0,
T,0,0,0,
T,0,0,0,
T,0,0,0,
T,0,0,0,
T,0,0,0,
T,0,0,0,
T,0,0,0,
T,0,0,0,
T,0,0,0,
T,0,0,0,
T,0,0,0,
T,0,0,0,
T,0,0,0,
T,0,0,0,
T,0,0,0,
T,0,0,0,
T,0,0,0,
T,0,0,0,
T,0,0,0,
T,0,0,0,
T,0,0,0,
T,0,0,0,
T,0,0,0,
T,0,0,0,
T,0,0,0,
T,0,0,0,
T,0,0,0,
T,0,0,0,
T,0,0,0,
T,0,0,0,
T,0,0,0,
T,0,0,0,
T,0,0,0,
T,0,0,0,
T,0,0,0,
T,0,0,0,
T,0,0,0,
T,0,0,0,
T,0,0,0,
T,0,0,0,
T,0,0,0,
T,0,0,0,
T,0,0,0,
T,0,0,0,
T,0,0,0,
T,0,0,0,
T,0,0,0,
T,0,0,0,
T,0,0,0,
T,0,0,0,
T,0,0,0,
T,0,0,0,
T,0,0,0,
T,0,0,0,
T,0,0,0,
T,0,0,0,
T,0,0,0,
T,0,0,0,
T,0,0,0,
T,0,0,0,
T,0,0,0,
T,0,0,0,
T,0,0,0,
T,0,0,0,
T,0,0,0,
T,0,0,0,
T,0,0,0,
T,0,0,0,
T,0,0,0,
T,0,0,0,
T,0,0,0,
T,0,0,0,
T,0,0,0,
T,0,0,0,
T,0,0,0,
T,0,0,0,
T,0,0,0,
T,0,0,0,
T,0,0,0,
T,0,0,0,
T,0,0,0,
T,0,0,0,
T,0,0,0,
T,0,0,0,
T,0,0,0,
T,0,0,0,
T,0,0,0,
T,0,0,0,
T,0,0,0,
T,0,0,0,
T,0,0,0,
T,0,0,0,
T,0,0,0,
T,0,0,0,
T,0,0,0,
T,0,0,0,
T,0,0,0,
T,0,0,0,
T,0,0,0,
T,0,0,0,
T,0,0,0,
T,0,0,0,
T,0,0,0,
T,0,0,0,
T,0,0,0,
T,0,0,0,
T,0,0,0,
T,0,0,0,
T,0,0,0,
T,0,0,0,
T,0,0,0,
T,0,0,0,
T,0,0,0,
T,0,0,0,
T,0,0,0,
T,0,0,0,
T,0,0,0,
T,0,0,0,
T,4.723812,-74.05141,2555.7,
T,4.723768,-74.05142,2555.8,
T,4.723718,-74.05143,2555.9,
T,4.723683,-74.05143,2556,
T,4.723623,-74.05145,2556.1,
T,4.72357,-74.05146,2556.3,
T,4.723512,-74.05148,2556.4,
T,4.723448,-74.05149,2556.5,
T,4.723395,-74.0515,2556.7,
T,4.723358,-74.05151,2556.8,
T,4.723317,-74.05151,2556.8,
T,4.723275,-74.05152,2556.8,
T,4.723228,-74.05153,2556.7,
T,4.72319,-74.05154,2556.7,
T,4.723158,-74.05154,2556.7,
T,4.723115,-74.05154,2556.6,
T,4.723085,-74.05154,2556.6,
T,4.723043,-74.05153,2556.5,
T,4.72302,-74.05154,2556.5,
T,4.722973,-74.05154,2556.5,
T,4.722943,-74.05153,2556.4,
T,4.722907,-74.05153,2556.4,
T,4.722867,-74.05153,2556.4,
T,4.722825,-74.05154,2556.3,
T,4.722783,-74.05154,2556.3,
T,4.72274,-74.05156,2556.3,
T,4.722693,-74.05158,2556.2,
T,4.722638,-74.05159,2556.2,
T,4.722585,-74.0516,2556.1,
T,4.722528,-74.05161,2556,
T,4.722485,-74.05162,2556,
T,4.722427,-74.05163,2556.1,
T,4.722375,-74.05163,2556.2,
T,4.72234,-74.05164,2556.2,
T,4.722288,-74.05164,2556.3,
T,4.722247,-74.05165,2556.3,
T,4.722213,-74.05167,2556.3,
T,4.72219,-74.05169,2556.4,
T,4.722138,-74.05171,2556.5,
T,4.722088,-74.05172,2556.5,
T,4.722038,-74.05172,2556.6,
T,4.721978,-74.05174,2556.7,
T,4.72192,-74.05175,2556.7,
T,4.721868,-74.05176,2556.8,
T,4.721813,-74.05176,2556.8,
T,4.721762,-74.05177,2556.9,
T,4.721712,-74.05178,2557,
T,4.72165,-74.05179,2557,
T,4.721595,-74.05179,2556.8,
T,4.72155,-74.05179,2556.7,
T,4.721502,-74.0518,2556.6,
T,4.721448,-74.05181,2556.5,
T,4.721395,-74.05182,2556.4,
T,4.721342,-74.05183,2556.3,
T,4.721282,-74.05184,2556.2,
T,4.721222,-74.05185,2556.1,
T,4.721167,-74.05186,2555.9,
T,4.721117,-74.05187,2555.8,
T,4.721065,-74.05188,2555.7,
T,4.72102,-74.0519,2555.7,
T,4.720972,-74.0519,2555.6,
T,4.720918,-74.05191,2555.5,
T,4.720862,-74.05191,2555.4,
T,4.720805,-74.05191,2555.3,
T,4.720742,-74.05192,2555.3,
T,4.720692,-74.05193,2555.3,
T,4.720638,-74.05194,2555.3,
T,4.72059,-74.05196,2555.3,
T,4.720538,-74.05197,2555.3,
T,4.720492,-74.05198,2555.3,
T,4.720447,-74.05199,2555.3,
T,4.72041,-74.05199,2555.3,
T,4.720392,-74.05199,2555.3,
T,4.720378,-74.052,2555.3,
T,4.720363,-74.05201,2555.3,
T,4.720342,-74.05201,2555.3,
T,4.720308,-74.05201,2555.3,
T,4.720273,-74.05202,2555.2,
T,4.720238,-74.05203,2555.2,
T,4.720202,-74.05203,2555.2,
T,4.720168,-74.05203,2555.2,
T,4.720123,-74.05204,2555.2,
T,4.720083,-74.05203,2555.2,
T,4.720047,-74.05203,2555.1,
T,4.72,-74.05204,2555.1,
T,4.719968,-74.05204,2555.1,
T,4.71993,-74.05204,2555,
T,4.719872,-74.05206,2554.9,
T,4.719815,-74.05206,2554.8,
T,4.719753,-74.05205,2554.8,
T,4.719682,-74.05204,2554.7,
T,4.719632,-74.05205,2554.6,
T,4.719587,-74.05207,2554.5,
T,4.719537,-74.05208,2554.4,
T,4.71948,-74.05209,2554.4,
T,4.719443,-74.0521,2554.3,
T,4.719393,-74.05212,2554.2,
T,4.719353,-74.05215,2554.2,
T,4.71933,-74.05219,2554.1,
T,4.71934,-74.05224,2554.1,
T,4.719337,-74.05228,2554.1,
T,4.71932,-74.05232,2554.1,
T,4.719295,-74.05237,2554,
T,4.719275,-74.05242,2554,
T,4.719257,-74.05246,2554,
T,4.719242,-74.0525,2554,
T,4.719233,-74.05254,2554.1,
T,4.719238,-74.05258,2554.2,
T,4.719208,-74.05263,2554.3,
T,4.71919,-74.05267,2554.4,
T,4.719153,-74.05268,2554.4,
T,4.719122,-74.05267,2554.4,
T,4.719097,-74.05264,2554.4,
T,4.71909,-74.0526,2554.3,
T,4.719088,-74.05256,2554.2,
T,4.719082,-74.05251,2554.1,
T,4.719075,-74.05247,2554.1,
T,4.719072,-74.05243,2554.1,
T,4.719072,-74.05239,2554.1,
T,4.719077,-74.05235,2554.1,
T,4.719078,-74.05232,2554.1,
T,4.719078,-74.05229,2554.1,
T,4.719078,-74.05226,2554.1,
T,4.719073,-74.05224,2554.1,
T,4.719067,-74.05222,2554.1,
T,4.719063,-74.05219,2554.1,
T,4.719057,-74.05216,2554.1,
T,4.719045,-74.05213,2554.1,
T,4.71904,-74.05209,2554.1,
T,4.719037,-74.05205,2554.1,
T,4.719033,-74.05201,2554.1,
T,4.719038,-74.05197,2554.1,
T,4.719033,-74.05193,2554.1,
T,4.719032,-74.05189,2554,
T,4.71903,-74.05185,2554,
T,4.719023,-74.0518,2554,
T,4.719018,-74.05176,2554,
T,4.719018,-74.05172,2554,
T,4.719017,-74.05167,2554,
T,4.719008,-74.05162,2554.2,
T,4.719002,-74.05157,2554.5,
T,4.718997,-74.05152,2554.7,
T,4.718992,-74.05147,2554.9,
T,4.718985,-74.05142,2555.2,
T,4.718965,-74.05137,2555.4,
T,4.718952,-74.05131,2555.7,
T,4.718947,-74.05127,2555.9,
T,4.71894,-74.05121,2556.2,
T,4.71894,-74.05116,2556.4,
T,4.718933,-74.05109,2556.8,
T,4.718925,-74.05103,2557.1,
T,4.718913,-74.05096,2557.4,
T,4.718905,-74.0509,2557.7,
T,4.718895,-74.05084,2558,
T,4.718887,-74.05079,2557.8,
T,4.718882,-74.05074,2557.6,
T,4.718897,-74.05071,2557.5,
T,4.718915,-74.05068,2557.3,
T,4.718927,-74.05066,2557.2,
T,4.71892,-74.05065,2557.2,
T,4.718922,-74.05064,2557.1,
T,4.718918,-74.05062,2557.1,
T,4.71889,-74.05059,2556.9,
T,4.718877,-74.05057,2556.8,
T,4.71887,-74.05054,2556.7,
T,4.718865,-74.05051,2556.6,
T,4.718867,-74.05048,2556.5,
T,4.718863,-74.05044,2556.3,
T,4.718857,-74.0504,2556.1,
T,4.718852,-74.05036,2555.9,
T,4.718845,-74.05032,2555.8,
T,4.71883,-74.05028,2555.6,
T,4.718813,-74.05024,2555.5,
T,4.718805,-74.0502,2555.3,
T,4.718795,-74.05016,2555.1,
T,4.718788,-74.05011,2554.9,
T,4.718783,-74.05007,2554.8,
T,4.718787,-74.05004,2554.6,
T,4.718783,-74.05,2554.5,
T,4.718773,-74.04997,2554.5,
T,4.718767,-74.04993,2554.4,
T,4.718782,-74.04994,2554.4,
T,4.718783,-74.04991,2554.4,
T,4.718798,-74.04987,2554.4,
T,4.718815,-74.04984,2554.3,
T,4.718815,-74.0498,2554.3,
T,4.718822,-74.04976,2554.3,
T,4.718848,-74.04974,2554.3,
T,4.718863,-74.0497,2554.2,
T,4.718865,-74.04967,2554.2,
T,4.718863,-74.04965,2554.2,
T,4.718848,-74.04963,2554.2,
T,4.718838,-74.04961,2554.2,
T,4.71883,-74.04959,2554.2,
T,4.718825,-74.04957,2554.2,
T,4.718818,-74.04955,2554.2,
T,4.718807,-74.04953,2554.2,
T,4.718797,-74.04951,2554.2,
T,4.718793,-74.04948,2554.2,
T,4.718782,-74.04946,2554.2,
T,4.718775,-74.04944,2554.2,
T,4.718772,-74.04942,2554.1,
T,4.718765,-74.04941,2554.1,
T,4.718758,-74.04939,2554.1,
T,4.718753,-74.04937,2554.1,
T,4.718747,-74.04935,2554.1,
T,4.718737,-74.04934,2554.1,
T,4.71872,-74.04933,2554.1,
T,4.71871,-74.04928,2554.1,
T,4.718693,-74.04928,2554.1,
T,4.718677,-74.04927,2554.1,
T,4.718667,-74.04923,2554,
T,4.71865,-74.04923,2554,
T,4.718632,-74.04921,2554,
T,4.71862,-74.04918,2554,
T,4.718605,-74.04916,2554,
T,4.718593,-74.04914,2554,
T,4.718583,-74.04911,2554.1,
T,4.718572,-74.04909,2554.1,
T,4.71854,-74.04909,2554.1,
T,4.718523,-74.04909,2554.1,
T,4.71851,-74.04907,2554.1,
T,4.7185,-74.04905,2554.2,
T,4.718477,-74.04906,2554.2,
T,4.718488,-74.04905,2554.2,
T,4.718485,-74.04901,2554.2,
T,4.718493,-74.04899,2554.3,
T,4.718495,-74.04897,2554.3,
T,4.718492,-74.04894,2554.3,
T,4.718465,-74.04889,2554.4,
T,4.718497,-74.04881,2554.5,
T,4.718502,-74.04873,2554.6,
T,4.7185,-74.04867,2554.7,
T,4.71849,-74.04864,2554.8,
T,4.71847,-74.04862,2554.8,
T,4.718452,-74.04859,2554.8,
T,4.718442,-74.04856,2554.8,
T,4.718428,-74.04853,2554.9,
T,4.718415,-74.04851,2554.9,
T,4.718402,-74.04848,2554.9,
T,4.718395,-74.04845,2554.9,
T,4.718378,-74.04843,2554.9,
T,4.718363,-74.0484,2555,
T,4.71834,-74.04838,2555,
T,4.71833,-74.04835,2555,
T,4.71832,-74.04832,2555,
T,4.718308,-74.04829,2555,
T,4.718297,-74.04826,2555,
T,4.718287,-74.04822,2555,
T,4.718283,-74.04818,2555,
T,4.718278,-74.04815,2555.1,
T,4.718275,-74.04812,2555.1,
T,4.71826,-74.04809,2555.1,
T,4.718245,-74.04807,2555.1,
T,4.718228,-74.04804,2555.1,
T,4.718218,-74.04801,2555.1,
T,4.718205,-74.04798,2555.1,
T,4.718192,-74.04795,2555.1,
T,4.718178,-74.04791,2555.1,
T,4.718165,-74.04788,2555.1,
T,4.718155,-74.04785,2555.1,
T,4.718157,-74.04783,2555.1,
T,4.71815,-74.04781,2555.1,
T,4.71814,-74.04778,2555.1,
T,4.718133,-74.04774,2555.1,
T,4.718128,-74.04772,2555.1,
T,4.71812,-74.04769,2555.1,
T,4.718112,-74.04766,2555.1,
T,4.718098,-74.04763,2555,
T,4.718087,-74.04759,2555,
T,4.718075,-74.04756,2555,
T,4.718065,-74.04752,2555,
T,4.718045,-74.04749,2555,
T,4.71803,-74.04746,2555,
T,4.718015,-74.04742,2554.9,
T,4.718005,-74.04739,2554.9,
T,4.718,-74.04735,2554.9,
T,4.717992,-74.04732,2554.8,
T,4.717982,-74.04726,2554.8,
T,4.71799,-74.04722,2554.7,
T,4.71798,-74.04718,2554.7,
T,4.717975,-74.04714,2554.6,
T,4.717957,-74.04711,2554.6,
T,4.717942,-74.04711,2554.6,
T,4.717905,-74.04712,2554.5,
T,4.717863,-74.04712,2554.5,
T,4.71782,-74.04712,2554.4,
T,4.71778,-74.04711,2554.4,
T,4.717733,-74.04711,2554.3,
T,4.717688,-74.04712,2554.3,
T,4.717648,-74.04712,2554.2,
T,4.717605,-74.04712,2554.2,
T,4.717563,-74.04712,2554.2,
T,4.717545,-74.0471,2554.1,
T,4.717537,-74.04708,2554,
T,4.717533,-74.04707,2554,
T,4.717528,-74.04706,2554,
T,4.717527,-74.04706,2554,
T,4.717527,-74.04706,2554,
T,4.717428,-74.04699,2553.9,
T,4.717388,-74.04698,2553.9,
T,4.717337,-74.04699,2554,
T,4.717292,-74.047,2554.1,
T,4.717242,-74.047,2554.1,
T,4.717188,-74.04701,2554.2,
T,4.717133,-74.04702,2554.2,
T,4.717075,-74.04703,2554.3,
T,4.717017,-74.04704,2554.3,
T,4.716957,-74.04704,2554.4,
T,4.716898,-74.04705,2554.4,
T,4.71684,-74.04706,2554.5,
T,4.71678,-74.04706,2554.5,
T,4.71672,-74.04707,2554.5,
T,4.716667,-74.04707,2554.5,
T,4.716605,-74.04708,2554.6,
T,4.716547,-74.04709,2554.7,
T,4.716485,-74.0471,2554.8,
T,4.716427,-74.0471,2554.9,
T,4.716365,-74.04711,2554.9,
T,4.716307,-74.04712,2555,
T,4.716248,-74.04713,2555,
T,4.71619,-74.04714,2555,
T,4.716132,-74.04715,2555.1,
T,4.716078,-74.04716,2555.1,
T,4.716022,-74.04717,2555.1,
T,4.715967,-74.04717,2555.2,
T,4.715912,-74.04717,2555.3,
T,4.715852,-74.04718,2555.3,
T,4.715793,-74.04717,2555.5,
T,4.715733,-74.04718,2555.6,
T,4.715677,-74.04719,2555.7,
T,4.71562,-74.0472,2555.8,
T,4.715567,-74.04721,2555.8,
T,4.715507,-74.04722,2555.9,
T,4.715457,-74.04723,2556,
T,4.7154,-74.04724,2556.1,
T,4.715348,-74.04726,2556.1,
T,4.715283,-74.04727,2556.2,
T,4.71523,-74.04728,2556.2,
T,4.715177,-74.04729,2556.3,
T,4.715123,-74.04731,2556.3,
T,4.715078,-74.04731,2556.4,
T,4.715022,-74.04732,2556.5,
T,4.714965,-74.04733,2556.5,
T,4.714908,-74.04734,2556.6,
T,4.714852,-74.04736,2556.6,
T,4.714792,-74.04737,2556.7,
T,4.714738,-74.04738,2556.8,
T,4.714688,-74.04738,2557,
T,4.714632,-74.04739,2557.1,
T,4.714572,-74.0474,2557.2,
T,4.714522,-74.0474,2557.4,
T,4.714472,-74.04741,2557.5,
T,4.714422,-74.04741,2557.6,
T,4.714368,-74.04741,2557.8,
T,4.71431,-74.04742,2557.9,
T,4.714252,-74.04743,2558.1,
T,4.714198,-74.04744,2558.2,
T,4.714147,-74.04745,2558.2,
T,4.714097,-74.04746,2558,
T,4.714048,-74.04747,2557.9,
T,4.713993,-74.04748,2557.7,
T,4.713938,-74.04749,2557.5,
T,4.713883,-74.0475,2557.3,
T,4.713827,-74.04751,2557.2,
T,4.713768,-74.04751,2557,
T,4.71371,-74.04752,2556.9,
T,4.713657,-74.04753,2556.7,
T,4.713607,-74.04754,2556.6,
T,4.713555,-74.04754,2556.5,
T,4.713502,-74.04755,2556.3,
T,4.713442,-74.04756,2556.2,
T,4.71338,-74.04759,2556,
T,4.713317,-74.0476,2555.9,
T,4.713263,-74.04761,2556.1,
T,4.713208,-74.04762,2556.3,
T,4.71315,-74.04763,2556.4,
T,4.713088,-74.04763,2556.6,
T,4.713023,-74.04765,2556.8,
T,4.712967,-74.04765,2557,
T,4.712907,-74.04766,2557.1,
T,4.712848,-74.04766,2557.3,
T,4.71279,-74.04767,2557.5,
T,4.71273,-74.04767,2557.7,
T,4.712673,-74.04768,2557.8,
T,4.712623,-74.04769,2557.9,
T,4.712573,-74.04771,2558,
T,4.712525,-74.04772,2558.1,
T,4.712483,-74.04773,2558.2,
T,4.712435,-74.04774,2558.2,
T,4.712378,-74.04776,2558.1,
T,4.712322,-74.04777,2558.1,
T,4.71227,-74.04778,2558.1,
T,4.712218,-74.04778,2558.1,
T,4.712165,-74.04779,2558.1,
T,4.712113,-74.0478,2558.1,
T,4.712072,-74.0478,2558.1,
T,4.712027,-74.04779,2558.2,
T,4.711967,-74.04778,2558.2,
T,4.71192,-74.04778,2558.2,
T,4.711873,-74.04779,2558.2,
T,4.711828,-74.0478,2558.2,
T,4.711778,-74.04781,2558.2,
T,4.711738,-74.04782,2558.2,
T,4.711698,-74.04783,2558.2,
T,4.711653,-74.04784,2558.2,
T,4.711615,-74.04786,2558.1,
T,4.711572,-74.04786,2558.1,
T,4.711527,-74.04787,2558,
T,4.711483,-74.04788,2557.9,
T,4.711438,-74.04789,2557.9,
T,4.711395,-74.0479,2557.9,
T,4.711347,-74.0479,2557.8,
T,4.711302,-74.0479,2557.8,
T,4.711257,-74.04791,2557.8,
T,4.711208,-74.04792,2557.7,
T,4.71116,-74.04792,2557.7,
T,4.71112,-74.04793,2557.7,
T,4.711073,-74.04793,2557.6,
T,4.711023,-74.04794,2557.6,
T,4.710973,-74.04794,2557.6,
T,4.710922,-74.04795,2557.6,
T,4.710868,-74.04795,2557.6,
T,4.710813,-74.04796,2557.5,
T,4.71076,-74.04797,2557.4,
T,4.71071,-74.04798,2557.3,
T,4.710652,-74.04799,2557.2,
T,4.7106,-74.04799,2557.1,
T,4.710555,-74.048,2557.1,
T,4.710507,-74.04801,2557,
T,4.710458,-74.04801,2556.9,
T,4.710412,-74.04802,2556.8,
T,4.710372,-74.04803,2556.7,
T,4.710328,-74.04804,2556.6,
T,4.71028,-74.04805,2556.6,
T,4.710227,-74.04805,2556.5,
T,4.71018,-74.04806,2556.4,
T,4.710133,-74.04806,2556.3,
T,4.710083,-74.04807,2556.2,
T,4.710033,-74.04808,2556.1,
T,4.709988,-74.04809,2556,
T,4.709943,-74.04809,2556,
T,4.709897,-74.04811,2555.9,
T,4.709848,-74.04811,2555.9,
T,4.709793,-74.04812,2555.9,
T,4.709742,-74.04812,2555.8,
T,4.709692,-74.04813,2555.8,
T,4.709637,-74.04814,2555.8,
T,4.709583,-74.04815,2555.7,
T,4.709535,-74.04815,2555.7,
T,4.709488,-74.04816,2555.6,
T,4.709433,-74.04817,2555.6,
T,4.709378,-74.04818,2555.5,
T,4.70934,-74.04819,2555.5,
T,4.709302,-74.0482,2555.4,
T,4.709257,-74.0482,2555.4,
T,4.709205,-74.0482,2555.4,
T,4.709155,-74.04821,2555.3,
T,4.709118,-74.04821,2555.3,
T,4.709083,-74.04821,2555.2,
T,4.70905,-74.04821,2555.2,
T,4.709022,-74.04821,2555.2,
T,4.708993,-74.04822,2555.1,
T,4.708947,-74.04822,2555.1,
T,4.708908,-74.04822,2555.1,
T,4.708868,-74.04823,2555,
T,4.708825,-74.04824,2555,
T,4.708775,-74.04824,2554.9,
T,4.708723,-74.04825,2554.8,
T,4.708675,-74.04826,2554.7,
T,4.70863,-74.04827,2554.7,
T,4.708562,-74.04827,2554.6,
T,4.708512,-74.04828,2554.5,
T,4.708467,-74.04828,2554.4,
T,4.708423,-74.04829,2554.4,
T,4.708382,-74.04829,2554.3,
T,4.70834,-74.0483,2554.2,
T,4.708302,-74.04831,2554.1,
T,4.708263,-74.04831,2554,
T,4.70823,-74.04832,2553.8,
T,4.708203,-74.04832,2553.8,
T,4.708185,-74.04832,2553.7,
T,4.708182,-74.04832,2553.7,
T,4.70818,-74.04832,2553.7,
T,4.708182,-74.04832,2553.7,
T,4.708148,-74.04833,2553.6,
T,4.70814,-74.04834,2553.5,
T,4.70813,-74.04834,2553.5,
T,4.708117,-74.04834,2553.5,
T,4.708103,-74.04834,2553.5,
T,4.708087,-74.04835,2553.4,
T,4.708067,-74.04837,2553.4,
T,4.708065,-74.0484,2553.4,
T,4.708048,-74.04843,2553.4,
T,4.708023,-74.04844,2553.4,
T,4.707993,-74.04844,2553.3,
T,4.707952,-74.04843,2553.2,
T,4.707903,-74.04842,2553.1,
T,4.707852,-74.04843,2553,
T,4.707795,-74.04843,2552.9,
T,4.707738,-74.04843,2552.7,
T,4.707678,-74.04844,2552.6,
T,4.707618,-74.04844,2552.5,
T,4.707557,-74.04845,2552.4,
T,4.707495,-74.04846,2552.3,
T,4.707432,-74.04847,2552.2,
T,4.70737,-74.04847,2552.1,
T,4.707308,-74.04848,2552,
T,4.70725,-74.04849,2552,
T,4.707188,-74.04849,2551.9,
T,4.707128,-74.0485,2551.8,
T,4.707067,-74.0485,2551.7,
T,4.707007,-74.04851,2551.6,
T,4.706942,-74.04852,2551.5,
T,4.706878,-74.04853,2551.4,
T,4.706815,-74.04853,2551.3,
T,4.706753,-74.04854,2551.2,
T,4.70669,-74.04855,2551,
T,4.70663,-74.04855,2551,
T,4.70657,-74.04856,2551.1,
T,4.706508,-74.04856,2551.2,
T,4.70645,-74.04857,2551.3,
T,4.70639,-74.04857,2551.3,
T,4.706325,-74.04858,2551.4,
T,4.706262,-74.04858,2551.5,
T,4.7062,-74.04859,2551.6,
T,4.706138,-74.0486,2551.6,
T,4.706077,-74.0486,2551.7,
T,4.706017,-74.04861,2551.8,
T,4.705958,-74.04861,2551.8,
T,4.705902,-74.04862,2551.9,
T,4.705848,-74.04862,2552,
T,4.705793,-74.04863,2552,
T,4.705743,-74.04863,2552,
T,4.705702,-74.04864,2552,
T,4.705672,-74.04867,2552,
T,4.705642,-74.0487,2552.1,
T,4.705595,-74.04873,2552.1,
T,4.705537,-74.04875,2552.2,
T,4.705478,-74.04877,2552.2,
T,4.705422,-74.04879,2552.3,
T,4.705363,-74.04881,2552.4,
T,4.705308,-74.04882,2552.5,
T,4.705255,-74.04883,2552.5,
T,4.705207,-74.04884,2552.6,
T,4.705148,-74.04885,2552.7,
T,4.705085,-74.04886,2552.8,
T,4.705022,-74.04887,2552.9,
T,4.704957,-74.04888,2552.9,
T,4.704892,-74.04888,2552.8,
T,4.704828,-74.04889,2552.7,
T,4.704767,-74.0489,2552.6,
T,4.704705,-74.04891,2552.5,
T,4.70464,-74.04892,2552.4,
T,4.704578,-74.04893,2552.3,
T,4.704515,-74.04894,2552.2,
T,4.704453,-74.04895,2552.1,
T,4.70439,-74.04897,2552,
T,4.70433,-74.04898,2551.9,
T,4.704267,-74.04899,2551.8,
T,4.704203,-74.049,2551.7,
T,4.704138,-74.04901,2551.7,
T,4.704075,-74.04902,2551.7,
T,4.704008,-74.04903,2551.8,
T,4.70394,-74.04904,2551.9,
T,4.703873,-74.04905,2552,
T,4.703807,-74.04906,2552,
T,4.70374,-74.04907,2552.1,
T,4.703675,-74.04908,2552.1,
T,4.703613,-74.04908,2552.1,
T,4.70355,-74.04909,2552.2,
T,4.70349,-74.0491,2552.2,
T,4.703435,-74.04912,2552.1,
T,4.703383,-74.04912,2552.2,
T,4.703335,-74.04913,2552.1,
T,4.703287,-74.04914,2552,
T,4.70324,-74.04915,2552,
T,4.703192,-74.04916,2551.9,
T,4.703142,-74.04916,2551.8,
T,4.703085,-74.04917,2551.7,
T,4.703022,-74.04918,2551.6,
T,4.702953,-74.04919,2551.5,
T,4.702883,-74.0492,2551.5,
T,4.70281,-74.04922,2551.4,
T,4.702735,-74.04923,2551.3,
T,4.702663,-74.04924,2551.2,
T,4.702592,-74.04926,2551.1,
T,4.702518,-74.04927,2551,
T,4.702443,-74.04929,2551.1,
T,4.702368,-74.0493,2551.2,
T,4.702297,-74.04931,2551.2,
T,4.702227,-74.04932,2551.3,
T,4.70216,-74.04933,2551.4,
T,4.702093,-74.04934,2551.5,
T,4.702028,-74.04935,2551.6,
T,4.701968,-74.04936,2551.6,
T,4.701915,-74.04937,2551.7,
T,4.701878,-74.04937,2551.7,
T,4.701838,-74.04939,2551.8,
T,4.701783,-74.0494,2551.9,
T,4.701735,-74.0494,2551.9,
T,4.701677,-74.04941,2552,
T,4.701613,-74.04943,2552,
T,4.701548,-74.04945,2552.1,
T,4.701482,-74.04946,2552.2,
T,4.701415,-74.04948,2552.2,
T,4.701348,-74.04949,2552.3,
T,4.70128,-74.0495,2552.4,
T,4.701213,-74.04951,2552.4,
T,4.701145,-74.04953,2552.5,
T,4.701075,-74.04954,2552.6,
T,4.701008,-74.04955,2552.7,
T,4.700943,-74.04956,2552.8,
T,4.700877,-74.04957,2552.9,
T,4.70082,-74.04958,2553,
T,4.700775,-74.04958,2552.9,
T,4.70073,-74.04958,2552.9,
T,4.700683,-74.04959,2552.8,
T,4.700628,-74.0496,2552.8,
T,4.700572,-74.0496,2552.7,
T,4.700522,-74.04961,2552.6,
T,4.700473,-74.04962,2552.6,
T,4.700422,-74.04962,2552.5,
T,4.700365,-74.04962,2552.4,
T,4.700312,-74.04963,2552.3,
T,4.700258,-74.04963,2552.3,
T,4.700203,-74.04965,2552.2,
T,4.700148,-74.04966,2552.1,
T,4.70009,-74.04968,2551.9,
T,4.700033,-74.04969,2551.8,
T,4.69997,-74.0497,2551.7,
T,4.699912,-74.04971,2551.6,
T,4.699852,-74.04972,2551.6,
T,4.699795,-74.04974,2551.5,
T,4.699742,-74.04975,2551.4,
T,4.69969,-74.04975,2551.3,
T,4.699635,-74.04976,2551.3,
T,4.69958,-74.04977,2551.2,
T,4.69953,-74.04978,2551.1,
T,4.699485,-74.04978,2551.1,
T,4.69944,-74.0498,2551,
T,4.699395,-74.04981,2550.9,
T,4.699353,-74.04982,2550.8,
T,4.699312,-74.04983,2550.8,
T,4.69927,-74.04983,2550.7,
T,4.69923,-74.04984,2550.6,
T,4.699187,-74.04984,2550.6,
T,4.699148,-74.04985,2550.6,
T,4.699115,-74.04985,2550.6,
T,4.699082,-74.04986,2550.6,
T,4.699062,-74.04986,2550.6,
T,4.699053,-74.04986,2550.6,
T,4.699048,-74.04986,2550.6,
T,4.699043,-74.04985,2550.7,
T,4.699043,-74.04985,2550.7,
T,4.699043,-74.04985,2550.7,
T,4.699043,-74.04985,2550.7,
T,4.69904,-74.04985,2550.7,
T,4.699013,-74.04986,2550.7,
T,4.69899,-74.04986,2550.7,
T,4.698963,-74.04987,2550.7,
T,4.698933,-74.04987,2550.7,
T,4.698903,-74.04987,2550.8,
T,4.698878,-74.04988,2550.8,
T,4.698852,-74.04988,2550.8,
T,4.69882,-74.04988,2550.8,
T,4.698777,-74.04989,2550.9,
T,4.698727,-74.0499,2550.9,
T,4.698678,-74.0499,2550.9,
T,4.698628,-74.04991,2551,
T,4.698587,-74.04992,2551,
T,4.698543,-74.04993,2551,
T,4.698503,-74.04994,2551,
T,4.698462,-74.04995,2551,
T,4.698415,-74.04996,2551,
T,4.698362,-74.04997,2551.1,
T,4.698308,-74.04998,2551.1,
T,4.698253,-74.04999,2551.2,
T,4.698198,-74.05,2551.3,
T,4.69814,-74.05001,2551.5,
T,4.698082,-74.05002,2551.6,
T,4.698023,-74.05003,2551.7,
T,4.697962,-74.05004,2551.9,
T,4.697902,-74.05005,2552,
T,4.697838,-74.05006,2552.1,
T,4.697777,-74.05007,2552.3,
T,4.697712,-74.05008,2552.4,
T,4.697647,-74.05009,2552.6,
T,4.697575,-74.0501,2552.7,
T,4.697502,-74.05011,2552.9,
T,4.697428,-74.05012,2552.6,
T,4.697352,-74.05013,2552.4,
T,4.697275,-74.05014,2552.1,
T,4.697195,-74.05016,2551.9,
T,4.697125,-74.05016,2551.6,
T,4.69705,-74.05017,2551.4,
T,4.696972,-74.05019,2551.2,
T,4.696898,-74.05021,2550.9,
T,4.69683,-74.05023,2550.8,
T,4.696772,-74.05024,2550.6,
T,4.696722,-74.05026,2550.5,
T,4.696675,-74.05028,2550.4,
T,4.696628,-74.05029,2550.4,
T,4.696583,-74.0503,2550.5,
T,4.696537,-74.0503,2550.6,
T,4.696483,-74.0503,2550.6,
T,4.696428,-74.0503,2550.7,
T,4.696363,-74.05031,2550.8,
T,4.69629,-74.05032,2550.9,
T,4.696215,-74.05034,2551.1,
T,4.696142,-74.05036,2551.1,
T,4.696067,-74.05038,2551.2,
T,4.695993,-74.0504,2551.3,
T,4.695922,-74.05041,2551.4,
T,4.69586,-74.05041,2551.5,
T,4.695785,-74.05042,2551.7,
T,4.69571,-74.05043,2552,
T,4.695633,-74.05044,2552.3,
T,4.695562,-74.05045,2552.6,
T,4.695488,-74.05046,2552.9,
T,4.695413,-74.05048,2553.2,
T,4.695333,-74.05049,2553.6,
T,4.69525,-74.0505,2553.9,
T,4.695172,-74.05051,2554.3,
T,4.695093,-74.05052,2554.6,
T,4.695025,-74.05054,2554.9,
T,4.694952,-74.05055,2554.9,
T,4.694865,-74.05055,2554.8,
T,4.694768,-74.05056,2554.6,
T,4.69469,-74.05057,2554.5,
T,4.694618,-74.05059,2554.4,
T,4.694547,-74.0506,2554.2,
T,4.694477,-74.05063,2554.1,
T,4.69441,-74.05063,2553.9,
T,4.694342,-74.05063,2553.8,
T,4.694272,-74.05065,2553.6,
T,4.69421,-74.05066,2553.5,
T,4.694152,-74.05067,2553.4,
T,4.69409,-74.05068,2553.4,
T,4.69403,-74.05069,2553.5,
T,4.693968,-74.05071,2553.5,
T,4.693903,-74.05072,2553.5,
T,4.693843,-74.05073,2553.6,
T,4.69379,-74.05074,2553.6,
T,4.693733,-74.05075,2553.7,
T,4.693677,-74.05076,2553.7,
T,4.693618,-74.05076,2553.8,
T,4.693558,-74.05076,2553.8,
T,4.6935,-74.05078,2553.9,
T,4.693448,-74.05079,2553.9,
T,4.693398,-74.0508,2554,
T,4.693353,-74.05081,2554,
T,4.693312,-74.05082,2554,
T,4.693277,-74.05082,2554,
T,4.693242,-74.05083,2554,
T,4.693208,-74.05083,2554,
T,4.693177,-74.05084,2554,
T,4.693147,-74.05084,2554,
T,4.693115,-74.05084,2554,
T,4.693082,-74.05085,2554,
T,4.693052,-74.05085,2554,
T,4.693028,-74.05085,2554,
T,4.693003,-74.05086,2554,
T,4.692988,-74.05086,2554,
T,4.692983,-74.05085,2554,
T,4.692982,-74.05086,2554,
T,4.692982,-74.05086,2554,
T,4.692882,-74.05089,2553.9,
T,4.692842,-74.0509,2553.9,
T,4.692797,-74.0509,2553.9,
T,4.692743,-74.05091,2553.8,
T,4.692688,-74.05093,2553.8,
T,4.69264,-74.05093,2553.8,
T,4.69259,-74.05094,2553.8,
T,4.69254,-74.05094,2553.8,
T,4.692487,-74.05095,2553.7,
T,4.69243,-74.05096,2553.6,
T,4.692373,-74.05097,2553.4,
T,4.692317,-74.05098,2553.3,
T,4.692258,-74.05099,2553.2,
T,4.692195,-74.051,2553.1,
T,4.692122,-74.051,2553,
T,4.692048,-74.05101,2552.8,
T,4.691975,-74.05103,2552.7,
T,4.6919,-74.05104,2552.6,
T,4.691822,-74.05105,2552.5,
T,4.691742,-74.05106,2552.4,
T,4.691663,-74.05108,2552.3,
T,4.691587,-74.05109,2552.2,
T,4.69151,-74.0511,2552.2,
T,4.691433,-74.05111,2552.1,
T,4.691355,-74.05113,2552.1,
T,4.691278,-74.05114,2552.1,
T,4.691202,-74.05115,2552,
T,4.691128,-74.05116,2552,
T,4.691053,-74.05117,2552,
T,4.690978,-74.05119,2552,
T,4.690903,-74.0512,2551.9,
T,4.690833,-74.05122,2551.9,
T,4.69076,-74.05123,2552.2,
T,4.690693,-74.05124,2552.4,
T,4.690625,-74.05125,2552.6,
T,4.690562,-74.05124,2552.8,
T,4.690495,-74.05124,2553,
T,4.69043,-74.05125,2553.2,
T,4.690362,-74.05126,2553.4,
T,4.690293,-74.05127,2553.6,
T,4.690227,-74.05129,2553.8,
T,4.690162,-74.05131,2554,
T,4.6901,-74.05132,2554.1,
T,4.69004,-74.05134,2554.3,
T,4.689975,-74.05134,2554.4,
T,4.689913,-74.05135,2554.4,
T,4.689848,-74.05137,2554.5,
T,4.689785,-74.05138,2554.5,
T,4.689718,-74.0514,2554.6,
T,4.689653,-74.0514,2554.6,
T,4.689588,-74.05141,2554.7,
T,4.689522,-74.05142,2554.7,
T,4.689453,-74.05144,2554.8,
T,4.689385,-74.05146,2554.8,
T,4.689315,-74.05147,2554.9,
T,4.689247,-74.05148,2554.9,
T,4.689182,-74.0515,2555,
T,4.689122,-74.05152,2555.1,
T,4.689058,-74.05153,2555.1,
T,4.688992,-74.05154,2555.2,
T,4.688943,-74.05154,2555.3,
T,4.688875,-74.05155,2555.3,
T,4.688808,-74.05156,2555.4,
T,4.688745,-74.05157,2555.5,
T,4.68868,-74.05158,2555.6,
T,4.688618,-74.05159,2555.7,
T,4.688558,-74.0516,2555.7,
T,4.688495,-74.05162,2555.8,
T,4.688433,-74.05163,2555.9,
T,4.68837,-74.05164,2556,
T,4.688302,-74.05165,2556,
T,4.688237,-74.05165,2555.9,
T,4.688167,-74.05166,2555.8,
T,4.688095,-74.05168,2555.7,
T,4.688027,-74.05169,2555.7,
T,4.687957,-74.05171,2555.7,
T,4.687887,-74.05172,2555.6,
T,4.687818,-74.05173,2555.5,
T,4.68775,-74.05173,2555.5,
T,4.687685,-74.05175,2555.4,
T,4.68762,-74.05176,2555.4,
T,4.687558,-74.05177,2555.3,
T,4.687497,-74.05178,2555.3,
T,4.68744,-74.05179,2555.4,
T,4.687383,-74.05179,2555.5,
T,4.687333,-74.0518,2555.6,
T,4.687285,-74.05181,2555.7,
T,4.687233,-74.05182,2555.8,
T,4.687187,-74.05183,2555.8,
T,4.68714,-74.05183,2555.9,
T,4.687087,-74.05184,2556,
T,4.687025,-74.05185,2556.1,
T,4.686967,-74.05186,2556.2,
T,4.686908,-74.05187,2556.2,
T,4.68685,-74.05188,2556.3,
T,4.686788,-74.05189,2556.3,
T,4.686728,-74.05189,2556.4,
T,4.686672,-74.0519,2556.4,
T,4.68662,-74.0519,2556.6,
T,4.686568,-74.05191,2556.8,
T,4.686518,-74.05192,2556.9,
T,4.686472,-74.05193,2557.1,
T,4.686435,-74.05194,2557.2,
T,4.686402,-74.05194,2557.3,
T,4.686372,-74.05195,2557.4,
T,4.686352,-74.05195,2557.5,
T,4.68634,-74.05196,2557.5,
T,4.686328,-74.05196,2557.5,
T,4.686323,-74.05196,2557.5,
T,4.686317,-74.05196,2557.6,
T,4.686307,-74.05196,2557.6,
T,4.6863,-74.05196,2557.6,
T,4.68629,-74.05196,2557.7,
T,4.686278,-74.05196,2557.7,
T,4.686263,-74.05194,2557.8,
T,4.686257,-74.05191,2557.9,
T,4.686252,-74.05189,2558,
T,4.686232,-74.05189,2558,
T,4.686218,-74.05189,2558.1,
T,4.686203,-74.05189,2558.1,
T,4.686178,-74.05189,2558.2,
T,4.686152,-74.05187,2558.4,
T,4.686133,-74.05184,2558.5,
T,4.686122,-74.0518,2558.6,
T,4.686112,-74.05175,2558.8,
T,4.6861,-74.0517,2559,
T,4.686087,-74.05165,2559,
T,4.686078,-74.0516,2559,
T,4.686065,-74.05155,2558.9,
T,4.686052,-74.05151,2558.8,
T,4.686038,-74.05147,2558.8,
T,4.686023,-74.05142,2558.7,
T,4.686015,-74.05136,2558.6,
T,4.685983,-74.05131,2558.6,
T,4.685972,-74.05126,2558.5,
T,4.68598,-74.05118,2558.3,
T,4.685973,-74.05115,2558.3,
T,4.685958,-74.05112,2558.2,
T,4.68595,-74.05109,2558.2,
T,4.685958,-74.05104,2558,
T,4.68596,-74.051,2557.9,
T,4.68595,-74.05097,2557.9,
T,4.685942,-74.05093,2557.8,
T,4.685938,-74.05089,2557.8,
T,4.685928,-74.05086,2557.7,
T,4.685923,-74.05083,2557.7,
T,4.685912,-74.0508,2557.6,
T,4.685902,-74.05074,2557.5,
T,4.685887,-74.05068,2557.4,
T,4.685872,-74.05062,2557.3,
T,4.685857,-74.05057,2557.3,
T,4.685853,-74.05049,2557.1,
T,4.685853,-74.05043,2557,
T,4.685857,-74.0504,2556.9,
T,4.685855,-74.05036,2556.8,
T,4.68585,-74.05033,2556.7,
T,4.685847,-74.05029,2556.6,
T,4.685835,-74.05025,2556.6,
T,4.685827,-74.05023,2556.6,
T,4.685827,-74.05021,2556.5,
T,4.685823,-74.05017,2556.4,
T,4.685818,-74.05013,2556.3,
T,4.68581,-74.05009,2556.2,
T,4.6858,-74.05004,2556.1,
T,4.685792,-74.04998,2556.1,
T,4.685782,-74.04991,2556.3,
T,4.685767,-74.04984,2556.6,
T,4.685752,-74.04978,2556.8,
T,4.685725,-74.04972,2557.1,
T,4.685705,-74.04967,2557.2,
T,4.685685,-74.04962,2557.4,
T,4.685658,-74.04957,2557.7,
T,4.685638,-74.04951,2557.9,
T,4.685612,-74.04945,2558.2,
T,4.685587,-74.04939,2558.4,
T,4.68557,-74.04932,2558.7,
T,4.685553,-74.04927,2558.9,
T,4.685533,-74.04921,2559.2,
T,4.685517,-74.04915,2559.4,
T,4.68551,-74.04909,2559.5,
T,4.685493,-74.04905,2559.6,
T,4.685473,-74.049,2559.7,
T,4.685492,-74.04893,2559.8,
T,4.68549,-74.04887,2559.9,
T,4.685483,-74.04881,2559.9,
T,4.68548,-74.04875,2560,
T,4.685485,-74.0487,2560.1,
T,4.685492,-74.04865,2560.2,
T,4.685503,-74.04861,2560.4,
T,4.68551,-74.04857,2560.5,
T,4.685518,-74.04852,2560.6,
T,4.685525,-74.04848,2560.7,
T,4.685532,-74.04844,2560.9,
T,4.685538,-74.04839,2561,
T,4.68554,-74.04836,2561.1,
T,4.685542,-74.04832,2561.1,
T,4.685552,-74.04829,2561.1,
T,4.685572,-74.04827,2561.2,
T,4.68559,-74.04824,2561.2,
T,4.685573,-74.0482,2560.8,
T,4.68556,-74.04816,2560.5,
T,4.685542,-74.04811,2560.1,
T,4.685525,-74.04808,2559.8,
T,4.685503,-74.04804,2559.4,
T,4.68549,-74.04801,2559.2,
T,4.68548,-74.04798,2559,
T,4.685468,-74.04794,2558.7,
T,4.685455,-74.04792,2558.5,
T,4.685445,-74.04788,2558.3,
T,4.685437,-74.04785,2558.1,
T,4.685423,-74.04782,2557.9,
T,4.685395,-74.04778,2557.6,
T,4.685355,-74.04775,2557.2,
T,4.68531,-74.04772,2556.9,
T,4.68526,-74.04769,2556.5,
T,4.685212,-74.04765,2556.2,
T,4.685165,-74.04762,2555.9,
T,4.68513,-74.04759,2555.7,
T,4.685105,-74.04757,2555.5,
T,4.685087,-74.04755,2555.4,
T,4.685073,-74.04754,2555.3,
T,4.685063,-74.04753,2555.3,
T,4.685057,-74.04753,2555.3,
T,4.685053,-74.04753,2555.2,
T,4.685053,-74.04753,2555.2,
T,4.685053,-74.04753,2555.2,
T,4.684955,-74.04741,2556,
T,4.684933,-74.04737,2556.5,
T,4.684917,-74.04733,2556.9,
T,4.684902,-74.04729,2557.3,
T,4.684873,-74.04726,2557.7,
T,4.68484,-74.04723,2558,
T,4.684807,-74.0472,2558.3,
T,4.684778,-74.04716,2558.7,
T,4.684755,-74.04711,2559.1,
T,4.684743,-74.04707,2559.4,
T,4.684722,-74.04701,2559.9,
T,4.684695,-74.04697,2560.2,
T,4.684673,-74.04692,2560.5,
T,4.684652,-74.04686,2560.9,
T,4.684622,-74.04682,2561.1,
T,4.68459,-74.04677,2561.4,
T,4.68456,-74.04673,2561.6,
T,4.68452,-74.04668,2561.8,
T,4.684475,-74.04662,2561.8,
T,4.684448,-74.04657,2561.7,
T,4.68442,-74.04652,2561.7,
T,4.684398,-74.04646,2561.6,
T,4.684375,-74.04642,2561.6,
T,4.684353,-74.04637,2561.5,
T,4.684335,-74.04632,2561.5,
T,4.684312,-74.04628,2561.4,
T,4.684287,-74.04625,2561.4,
T,4.684265,-74.04622,2561.3,
T,4.684242,-74.04617,2561.2,
T,4.684218,-74.04612,2561.2,
T,4.684193,-74.04606,2561.1,
T,4.684165,-74.04602,2561,
T,4.684147,-74.04597,2561,
T,4.684122,-74.04591,2561,
T,4.684092,-74.04586,2561.1,
T,4.684052,-74.0458,2561.2,
T,4.68402,-74.04575,2561.3,
T,4.683993,-74.0457,2561.3,
T,4.683963,-74.04565,2561.4,
T,4.683938,-74.04559,2561.5,
T,4.683917,-74.04555,2561.5,
T,4.683895,-74.0455,2561.6,
T,4.683873,-74.04544,2561.7,
T,4.683853,-74.04539,2561.7,
T,4.683837,-74.04533,2561.8,
T,4.68382,-74.04528,2561.8,
T,4.683798,-74.04522,2561.9,
T,4.683777,-74.04516,2561.9,
T,4.683755,-74.04511,2561.9,
T,4.683737,-74.04506,2562,
T,4.68371,-74.04502,2562,
T,4.683693,-74.04497,2562,
T,4.683678,-74.04492,2561.9,
T,4.683657,-74.04486,2561.9,
T,4.683637,-74.04482,2561.8,
T,4.683613,-74.04476,2561.7,
T,4.683593,-74.04471,2561.6,
T,4.68357,-74.04466,2561.5,
T,4.683548,-74.04461,2561.4,
T,4.683528,-74.04456,2561.3,
T,4.683505,-74.04451,2561.2,
T,4.683483,-74.04446,2561.1,
T,4.68346,-74.04441,2560.9,
T,4.683433,-74.04436,2560.7,
T,4.683405,-74.04431,2560.6,
T,4.683383,-74.04426,2560.4,
T,4.683363,-74.04421,2560.2,
T,4.68334,-74.04416,2560,
T,4.683317,-74.0441,2559.9,
T,4.683293,-74.04405,2559.9,
T,4.683268,-74.044,2559.8,
T,4.683243,-74.04394,2559.8,
T,4.683212,-74.04389,2559.7,
T,4.683185,-74.04384,2559.7,
T,4.683157,-74.04379,2559.6,
T,4.68313,-74.04375,2559.6,
T,4.6831,-74.0437,2559.6,
T,4.683072,-74.04366,2559.6,
T,4.683048,-74.04361,2559.6,
T,4.683027,-74.04357,2559.5,
T,4.683015,-74.04354,2559.5,
T,4.683017,-74.0435,2559.5,
T,4.683018,-74.04345,2559.5,
T,4.683,-74.04342,2559.5,
T,4.682967,-74.04339,2559.5,
T,4.682943,-74.04336,2559.5,
T,4.682923,-74.04332,2559.5,
T,4.682902,-74.04329,2559.6,
T,4.68289,-74.04325,2559.6,
T,4.682883,-74.04323,2559.7,
T,4.682885,-74.04323,2559.7,
T,4.682885,-74.04323,2559.7,
T,4.682885,-74.04323,2559.7,
T,4.682735,-74.04328,2559.8,
T,4.682677,-74.0433,2559.8,
T,4.682617,-74.04333,2559.9,
T,4.682555,-74.04336,2559.9,
T,4.682493,-74.04339,2560,
T,4.68244,-74.04341,2560.1,
T,4.68239,-74.04343,2560.2,
T,4.682343,-74.04346,2560.3,
T,4.682292,-74.04348,2560.4,
T,4.682255,-74.0435,2560.5,
T,4.682225,-74.04351,2560.5,
T,4.682193,-74.04353,2560.6,
T,4.682155,-74.04355,2560.6,
T,4.682115,-74.04356,2560.7,
T,4.68207,-74.04359,2560.7,
T,4.682023,-74.04361,2560.8,
T,4.681973,-74.04364,2560.8,
T,4.681912,-74.04366,2560.9,
T,4.681855,-74.04369,2560.9,
T,4.681793,-74.04372,2560.9,
T,4.681733,-74.04375,2560.9,
T,4.681673,-74.04379,2560.9,
T,4.681607,-74.04383,2560.9,
T,4.681538,-74.04387,2560.9,
T,4.681485,-74.0439,2560.9,
T,4.68141,-74.04394,2560.9,
T,4.681342,-74.04397,2560.9,
T,4.681273,-74.044,2560.9,
T,4.681207,-74.04403,2560.9,
T,4.68114,-74.04406,2560.9,
T,4.681073,-74.0441,2560.9,
T,4.68101,-74.04413,2560.9,
T,4.680947,-74.04417,2560.9,
T,4.68088,-74.0442,2561,
T,4.680815,-74.04424,2561.3,
T,4.680753,-74.04428,2561.6,
T,4.680688,-74.04431,2561.9,
T,4.680625,-74.04434,2562.2,
T,4.680545,-74.04438,2562.5,
T,4.680477,-74.04441,2562.8,
T,4.680403,-74.04445,2563,
T,4.680313,-74.04448,2563.3,
T,4.68022,-74.04452,2563.5,
T,4.680157,-74.04455,2563.7,
T,4.680103,-74.04458,2563.8,
T,4.680037,-74.0446,2563.9,
T,4.679968,-74.04464,2563.9,
T,4.679905,-74.04468,2563.8,
T,4.679843,-74.04472,2563.7,
T,4.679775,-74.04477,2563.7,
T,4.67971,-74.04481,2563.6,
T,4.679647,-74.04484,2563.6,
T,4.67959,-74.04488,2563.6,
T,4.679515,-74.04491,2563.7,
T,4.679463,-74.04494,2563.7,
T,4.679423,-74.04497,2563.7,
T,4.679363,-74.04499,2563.8,
T,4.679303,-74.04502,2563.8,
T,4.67924,-74.04505,2563.9,
T,4.679173,-74.04508,2564,
T,4.679103,-74.04512,2564.1,
T,4.679037,-74.04515,2564.1,
T,4.67897,-74.0452,2564.2,
T,4.678908,-74.04523,2564.2,
T,4.67884,-74.04527,2564.3,
T,4.67877,-74.0453,2564.3,
T,4.678702,-74.04534,2564.3,
T,4.678633,-74.04537,2564.4,
T,4.678563,-74.04541,2564.4,
T,4.678497,-74.04544,2564.4,
T,4.67843,-74.04548,2564.4,
T,4.678363,-74.04551,2564.4,
T,4.678292,-74.04554,2564.5,
T,4.678227,-74.04558,2564.6,
T,4.67818,-74.0456,2564.7,
T,4.678147,-74.04563,2564.8,
T,4.67809,-74.04565,2565,
T,4.678032,-74.04567,2565.1,
T,4.677968,-74.04569,2565.3,
T,4.677905,-74.04573,2565.5,
T,4.677848,-74.04576,2565.7,
T,4.67779,-74.04581,2565.9,
T,4.677738,-74.04584,2566.1,
T,4.677688,-74.04588,2566.3,
T,4.677648,-74.0459,2566.4,
T,4.677578,-74.04591,2566.6,
T,4.677537,-74.04591,2566.8,
T,4.677502,-74.04593,2566.9,
T,4.677477,-74.04595,2566.9,
T,4.677453,-74.04597,2567,
T,4.677438,-74.04598,2567,
T,4.677428,-74.04599,2567,
T,4.677418,-74.04599,2567,
T,4.677413,-74.04599,2567,
T,4.677412,-74.04599,2567,
T,4.677413,-74.04599,2567,
T,4.67726,-74.04611,2567.3,
T,4.677202,-74.04614,2567.5,
T,4.677145,-74.04616,2567.6,
T,4.677083,-74.04619,2567.8,
T,4.677025,-74.04622,2567.9,
T,4.676963,-74.04625,2568.1,
T,4.676903,-74.04628,2568.3,
T,4.676837,-74.04631,2568.5,
T,4.676775,-74.04634,2568.7,
T,4.676713,-74.04638,2568.9,
T,4.67664,-74.04641,2569,
T,4.676567,-74.04644,2568.8,
T,4.676495,-74.04649,2568.6,
T,4.676423,-74.04653,2568.4,
T,4.676353,-74.04657,2568.1,
T,4.676283,-74.0466,2567.8,
T,4.676212,-74.04663,2567.5,
T,4.676142,-74.04668,2567.1,
T,4.67607,-74.04671,2566.7,
T,4.675998,-74.04675,2566.4,
T,4.675925,-74.04678,2566.1,
T,4.675852,-74.04681,2565.9,
T,4.67578,-74.04685,2565.9,
T,4.675708,-74.04688,2566.1,
T,4.675635,-74.04692,2566.4,
T,4.67556,-74.04695,2566.7,
T,4.675483,-74.04699,2567,
T,4.675407,-74.04703,2567.4,
T,4.675318,-74.04708,2568,
T,4.675247,-74.04711,2568.4,
T,4.67517,-74.04715,2569,
T,4.675093,-74.04719,2569.6,
T,4.675025,-74.04723,2570.2,
T,4.674965,-74.04726,2570.5,
T,4.674898,-74.0473,2570.7,
T,4.674845,-74.04733,2570.8,
T,4.674775,-74.04736,2570.8,
T,4.67471,-74.0474,2570.7,
T,4.67464,-74.04743,2570.6,
T,4.674563,-74.04747,2570.4,
T,4.674477,-74.0475,2570.1,
T,4.674393,-74.04752,2569.7,
T,4.674325,-74.04755,2569.3,
T,4.674262,-74.04759,2568.8,
T,4.6742,-74.04762,2568.5,
T,4.67413,-74.04766,2568.3,
T,4.674057,-74.04769,2568.2,
T,4.673985,-74.04774,2567.9,
T,4.673912,-74.04779,2567.7,
T,4.673838,-74.04783,2567.5,
T,4.67376,-74.04787,2567.3,
T,4.673685,-74.0479,2567.1,
T,4.673605,-74.04794,2566.8,
T,4.67355,-74.04797,2566.6,
T,4.673502,-74.048,2566.4,
T,4.673458,-74.04803,2566.2,
T,4.673413,-74.04805,2566.1,
T,4.673367,-74.04808,2565.8,
T,4.67331,-74.04811,2565.6,
T,4.673248,-74.04814,2565.3,
T,4.673185,-74.04818,2564.9,
T,4.673112,-74.04822,2564.6,
T,4.673032,-74.04825,2564.2,
T,4.672955,-74.04829,2563.9,
T,4.672877,-74.04833,2563.5,
T,4.6728,-74.04837,2563.5,
T,4.672727,-74.04843,2563.6,
T,4.672645,-74.04848,2563.7,
T,4.672567,-74.04852,2563.8,
T,4.672485,-74.04856,2563.8,
T,4.672405,-74.04861,2563.7,
T,4.67233,-74.04865,2563.6,
T,4.672247,-74.04869,2563.5,
T,4.672177,-74.04873,2563.4,
T,4.672098,-74.04876,2563.3,
T,4.672017,-74.04879,2563.2,
T,4.671935,-74.04882,2563.1,
T,4.671857,-74.04886,2563.1,
T,4.671778,-74.04889,2563,
T,4.671705,-74.04892,2562.9,
T,4.671633,-74.04896,2563.2,
T,4.671557,-74.049,2563.7,
T,4.671482,-74.04904,2564.2,
T,4.671407,-74.04909,2564.8,
T,4.67134,-74.04913,2565.4,
T,4.67127,-74.04916,2565.9,
T,4.6712,-74.0492,2566.3,
T,4.671125,-74.04924,2566.8,
T,4.671045,-74.04928,2567.3,
T,4.670978,-74.04931,2567.8,
T,4.67091,-74.04935,2568.4,
T,4.670848,-74.04938,2568.9,
T,4.670787,-74.04943,2569.2,
T,4.670723,-74.04947,2569.2,
T,4.67066,-74.04952,2569.2,
T,4.670588,-74.04956,2569.2,
T,4.670518,-74.04961,2569.1,
T,4.670458,-74.04964,2569.1,
T,4.67039,-74.04969,2569,
T,4.67032,-74.04973,2568.8,
T,4.670248,-74.04978,2568.7,
T,4.670177,-74.04982,2568.5,
T,4.670102,-74.04989,2568.3,
T,4.67003,-74.04994,2568.1,
T,4.669968,-74.05,2568.2,
T,4.66989,-74.05006,2568.5,
T,4.669828,-74.0501,2568.8,
T,4.669743,-74.05015,2569.1,
T,4.66967,-74.05019,2569.3,
T,4.66961,-74.05023,2569.5,
T,4.669552,-74.05025,2569.7,
T,4.66948,-74.0503,2569.8,
T,4.669417,-74.05034,2569.9,
T,4.669343,-74.05039,2570,
T,4.669265,-74.05044,2570.1,
T,4.669187,-74.05048,2570.2,
T,4.669113,-74.05053,2570.1,
T,4.669055,-74.05058,2569.9,
T,4.668997,-74.05063,2569.7,
T,4.668938,-74.05067,2569.5,
T,4.668883,-74.05071,2569.3,
T,4.668813,-74.05075,2569,
T,4.668725,-74.05079,2568.7,
T,4.668647,-74.05085,2568.3,
T,4.668573,-74.05094,2568,
T,4.668488,-74.051,2567.6,
T,4.668415,-74.05104,2567.3,
T,4.668337,-74.05109,2566.8,
T,4.668268,-74.05113,2566.6,
T,4.66819,-74.05119,2566.3,
T,4.668118,-74.05124,2566.1,
T,4.668048,-74.05128,2565.8,
T,4.667982,-74.05132,2565.6,
T,4.667917,-74.05137,2565.3,
T,4.66785,-74.05141,2565,
T,4.667782,-74.05146,2564.7,
T,4.667713,-74.05151,2564.3,
T,4.667645,-74.05155,2564,
T,4.667577,-74.0516,2563.6,
T,4.66751,-74.05165,2563.1,
T,4.667443,-74.05169,2563.3,
T,4.667383,-74.05174,2563.7,
T,4.667322,-74.0518,2564,
T,4.66725,-74.05185,2564.4,
T,4.667175,-74.05189,2564.7,
T,4.667098,-74.05193,2565.1,
T,4.667023,-74.05198,2565.4,
T,4.666952,-74.05202,2565.7,
T,4.666883,-74.05207,2566,
T,4.666815,-74.05212,2566.2,
T,4.666743,-74.05217,2566.4,
T,4.666677,-74.05222,2566.6,
T,4.666627,-74.05227,2566.7,
T,4.666575,-74.05231,2566.8,
T,4.666498,-74.05235,2566.9,
T,4.666433,-74.05239,2567.1,
T,4.66637,-74.05243,2567.2,
T,4.666318,-74.05246,2567.3,
T,4.666267,-74.05249,2567.5,
T,4.666217,-74.05252,2567.6,
T,4.666165,-74.05256,2567.8,
T,4.66612,-74.05259,2568,
T,4.666083,-74.05262,2568.1,
T,4.666058,-74.05264,2568.2,
T,4.666052,-74.05265,2568.2,
T,4.666047,-74.05266,2568.2,
T,4.666043,-74.05266,2568.2,
T,4.666045,-74.05266,2568.2,
T,4.665983,-74.05261,2568.5,
T,4.66598,-74.05261,2568.5,
T,4.665972,-74.05262,2568.5,
T,4.66595,-74.05261,2568.6,
T,4.665947,-74.05262,2568.6,
T,4.665902,-74.05266,2568.8,
T,4.665878,-74.05268,2568.8,
T,4.665833,-74.0527,2569,
T,4.665805,-74.05272,2569,
T,4.665777,-74.05275,2569,
T,4.665752,-74.05277,2569,
T,4.665743,-74.0528,2569,
T,4.665722,-74.05283,2568.9,
T,4.665707,-74.05285,2568.9,
T,4.665698,-74.05289,2568.9,
T,4.665693,-74.05292,2568.8,
T,4.665682,-74.05294,2568.8,
T,4.665665,-74.05297,2568.7,
T,4.665643,-74.05298,2568.7,
T,4.665622,-74.053,2568.6,
T,4.665593,-74.05301,2568.5,
T,4.665565,-74.05302,2568.4,
T,4.66553,-74.05304,2568.3,
T,4.665497,-74.05305,2568.2,
T,4.66547,-74.05308,2568.1,
T,4.665443,-74.0531,2567.9,
T,4.665415,-74.05312,2567.8,
T,4.665388,-74.05314,2567.6,
T,4.665368,-74.05315,2567.5,
T,4.665348,-74.05317,2567.4,
T,4.665328,-74.05318,2567.2,
T,4.665312,-74.05319,2567.1,
T,4.6653,-74.0532,2567.1,
T,4.665295,-74.05321,2567,
T,4.665283,-74.05321,2566.9,
T,4.665273,-74.05322,2566.9,
T,4.665268,-74.05322,2566.8,
T,4.665265,-74.05322,2566.8,
T,4.665215,-74.05324,2566.5,
T,4.66519,-74.05324,2566.4,
T,4.665167,-74.05324,2566.3,
T,4.665145,-74.05326,2566.1,
T,4.665115,-74.05327,2565.9,
T,4.665088,-74.05328,2565.8,
T,4.665045,-74.0533,2565.4,
T,4.66502,-74.05334,2565.1,
T,4.66498,-74.05341,2565,
T,4.664955,-74.05348,2565,
T,4.664912,-74.05353,2565.1,
T,4.66486,-74.05358,2565.2,
T,4.66481,-74.05362,2565.3,
T,4.664768,-74.05364,2565.5,
T,4.664718,-74.05366,2565.7,
T,4.66469,-74.05369,2565.8,
T,4.664647,-74.05372,2566,
T,4.664597,-74.05376,2566.2,
T,4.664542,-74.0538,2566.5,
T,4.664487,-74.05384,2566.7,
T,4.664453,-74.05387,2566.9,
T,4.66441,-74.0539,2567.2,
T,4.664383,-74.05395,2567.4,
T,4.664357,-74.05397,2567.5,
T,4.664317,-74.054,2567.8,
T,4.664278,-74.05403,2568.1,
T,4.664238,-74.05407,2568.4,
T,4.664192,-74.0541,2568.7,
T,4.664153,-74.05412,2568.9,
T,4.664113,-74.05415,2569,
T,4.664072,-74.05418,2569,
T,4.664027,-74.0542,2569,
T,4.66399,-74.05423,2568.9,
T,4.663962,-74.05425,2568.8,
T,4.663932,-74.05427,2568.8,
T,4.663903,-74.0543,2568.6,
T,4.663878,-74.05432,2568.5,
T,4.663855,-74.05434,2568.5,
T,4.663837,-74.05436,2568.4,
T,4.663812,-74.05437,2568.3,
T,4.663767,-74.0544,2568.2,
T,4.66372,-74.05442,2568.2,
T,4.663655,-74.05446,2568,
T,4.663618,-74.05449,2567.9,
T,4.663583,-74.05452,2567.7,
T,4.66355,-74.05456,2567.5,
T,4.663512,-74.05458,2567.4,
T,4.663475,-74.05461,2567.3,
T,4.663433,-74.05463,2567.2,
T,4.663392,-74.05465,2567.1,
T,4.663358,-74.05467,2567,
T,4.663323,-74.05469,2566.9,
T,4.663298,-74.05471,2566.9,
T,4.663265,-74.05474,2566.9,
T,4.663232,-74.05476,2567,
T,4.663192,-74.05476,2567.2,
T,4.663172,-74.05477,2567.3,
T,4.663168,-74.05478,2567.2,
T,4.663167,-74.05478,2567.3,
T,4.663162,-74.05478,2567.3,
T,4.663162,-74.05478,2567.3,
T,4.66295,-74.0549,2568.1,
T,4.662898,-74.05492,2568.4,
T,4.662862,-74.05494,2568.6,
T,4.662823,-74.05498,2568.7,
T,4.662783,-74.05503,2569,
T,4.662735,-74.05506,2569.4,
T,4.662682,-74.05509,2569.9,
T,4.662637,-74.05512,2570.3,
T,4.662602,-74.05515,2570.6,
T,4.662555,-74.05518,2571,
T,4.662503,-74.0552,2571.5,
T,4.662447,-74.05521,2571.8,
T,4.662387,-74.05524,2572.3,
T,4.662333,-74.05526,2572.6,
T,4.662303,-74.05528,2572.8,
T,4.662258,-74.0553,2573,
T,4.662202,-74.05534,2573.3,
T,4.662143,-74.05537,2573.6,
T,4.662067,-74.05542,2573.8,
T,4.662,-74.05547,2574,
T,4.661942,-74.05553,2574,
T,4.661878,-74.05561,2573.9,
T,4.661815,-74.05566,2573.8,
T,4.661755,-74.0557,2573.7,
T,4.661697,-74.05574,2573.5,
T,4.661643,-74.05578,2573.4,
T,4.661592,-74.05582,2573.2,
T,4.66154,-74.05586,2573.1,
T,4.661493,-74.05589,2573.1,
T,4.661455,-74.05593,2573.1,
T,4.661392,-74.05594,2573.2,
T,4.661345,-74.05597,2573.2,
T,4.661303,-74.056,2573.3,
T,4.66125,-74.05603,2573.4,
T,4.66119,-74.05606,2573.5,
T,4.661123,-74.05611,2573.6,
T,4.661092,-74.05613,2573.7,
T,4.661062,-74.05615,2573.8,
T,4.661038,-74.05617,2573.9,
T,4.661013,-74.0562,2573.9,
T,4.660993,-74.05622,2574,
T,4.66096,-74.05625,2574.1,
T,4.660928,-74.05628,2574.2,
T,4.660895,-74.0563,2574.4,
T,4.660858,-74.05633,2574.5,
T,4.660808,-74.05636,2574.6,
T,4.660763,-74.0564,2574.7,
T,4.660733,-74.05643,2574.7,
T,4.660708,-74.05645,2574.7,
T,4.660677,-74.05647,2574.7,
T,4.660648,-74.05648,2574.7,
T,4.660608,-74.0565,2574.7,
T,4.660572,-74.05653,2574.8,
T,4.660532,-74.05656,2574.8,
T,4.660488,-74.05658,2574.9,
T,4.66045,-74.05661,2574.9,
T,4.660408,-74.05663,2574.9,
T,4.660375,-74.05665,2575,
T,4.660342,-74.05667,2575,
T,4.660313,-74.0567,2574.9,
T,4.660272,-74.05673,2574.8,
T,4.660247,-74.05676,2574.7,
T,4.660222,-74.0568,2574.6,
T,4.660197,-74.05684,2574.4,
T,4.660217,-74.05689,2574.3,
T,4.660247,-74.05695,2574,
T,4.660262,-74.05703,2573.7,
T,4.660287,-74.0571,2573.4,
T,4.660312,-74.05716,2573.2,
T,4.660322,-74.05722,2572.9,
T,4.660323,-74.05729,2572.6,
T,4.66034,-74.05733,2572.4,
T,4.660363,-74.05737,2572.2,
T,4.660395,-74.05742,2571.9,
T,4.660427,-74.05748,2571.5,
T,4.660448,-74.05752,2571.3,
T,4.660482,-74.05757,2571,
T,4.66052,-74.05762,2570.6,
T,4.660567,-74.05767,2570.2,
T,4.660603,-74.05772,2569.8,
T,4.660638,-74.05777,2569.5,
T,4.660677,-74.05781,2569.1,
T,4.660712,-74.05785,2568.8,
T,4.660745,-74.0579,2568.4,
T,4.66078,-74.05794,2568.1,
T,4.660808,-74.05796,2567.9,
T,4.660842,-74.058,2567.6,
T,4.660875,-74.05805,2567.3,
T,4.660907,-74.0581,2567.1,
T,4.660935,-74.05815,2566.8,
T,4.660957,-74.05817,2566.7,
T,4.660973,-74.05819,2566.6,
T,4.660983,-74.05821,2566.5,
T,4.660985,-74.05821,2566.5,
T,4.660978,-74.05822,2566.5,
T,4.66098,-74.05823,2566.5,
T,4.660977,-74.05823,2566.5,
T,4.660978,-74.05823,2566.5,
T,4.660982,-74.05823,2566.5,
T,4.660985,-74.05824,2566.4,
T,4.661068,-74.05837,2566.1,
T,4.661107,-74.05841,2566.1,
T,4.661138,-74.05845,2566.2,
T,4.661168,-74.0585,2566.2,
T,4.661197,-74.05854,2566.3,
T,4.661227,-74.05858,2566.3,
T,4.661255,-74.05863,2566.4,
T,4.661293,-74.05868,2566.4,
T,4.661327,-74.05873,2566.4,
T,4.661355,-74.05878,2566.4,
T,4.66139,-74.05883,2566.4,
T,4.661417,-74.05887,2566.4,
T,4.661452,-74.05892,2566.4,
T,4.661485,-74.05897,2566.3,
T,4.661513,-74.05901,2566.3,
T,4.661533,-74.05906,2566.3,
T,4.661552,-74.05909,2566.2,
T,4.661575,-74.05914,2566.2,
T,4.66159,-74.05917,2566.2,
T,4.661597,-74.05919,2566.1,
T,4.661598,-74.05919,2566.1,
T,4.6616,-74.05919,2566.1,
T,4.661603,-74.05919,2566.1,
T,4.661672,-74.05928,2565.7,
T,4.661695,-74.05932,2565.5,
T,4.661727,-74.05935,2565.4,
T,4.661743,-74.05942,2565.2,
T,4.661782,-74.05947,2565,
T,4.661812,-74.05952,2564.8,
T,4.661838,-74.05957,2564.6,
T,4.66186,-74.05961,2564.5,
T,4.66189,-74.05966,2564.3,
T,4.661927,-74.05971,2564.2,
T,4.66196,-74.05977,2564,
T,4.662003,-74.05982,2563.9,
T,4.662058,-74.05988,2563.7,
T,4.662093,-74.05993,2563.6,
T,4.66213,-74.05998,2563.5,
T,4.662158,-74.06003,2563.5,
T,4.662182,-74.06007,2563.5,
T,4.66219,-74.0601,2563.5,
T,4.662195,-74.06012,2563.5,
T,4.662195,-74.06013,2563.5,
T,4.662198,-74.06014,2563.5,
T,4.662195,-74.06015,2563.6,
T,4.66219,-74.06016,2563.6,
T,4.662182,-74.06017,2563.6,
T,4.662168,-74.06017,2563.6,
T,4.662148,-74.06017,2563.7,
T,4.662137,-74.06017,2563.7,
T,4.662123,-74.06017,2563.7,
T,4.662108,-74.06017,2563.8,
T,4.662093,-74.06018,2563.8,
T,4.662082,-74.06018,2563.8,
T,4.662072,-74.06018,2563.8,
T,4.662065,-74.06018,2563.9,
T,4.662065,-74.06018,2563.9,
T,4.662065,-74.0602,2563.9,
T,4.662065,-74.06021,2563.9,
