V_Bat,I_Bat,Pedal_time(ms),Wheel_time(ms),GPS_date,GPS_time,GPS_lat,GPS_lng,Vbat(V),Ibat(A),BattPower(W),Energy(J),Speed(km/h),norm.Speed,distance from encoder(m),cadencia(RPM),Altitud (msnm),Potencia del ciclista (W),Energía del ciclista (J)
0,0,0,0,DD/MM/AA,HH:MM:SS.CS,LAT,LNG,0.0,0.0,0.0,0,17.703892611534837,0.989916837405302,0,0,2579.3199999999993,43.107012984919024,0
0,0,0,375,23/9/2017,03:28:04.00,4.616568,-74.15623,0.0,0.0,0.0,0.0,17.862994463239346,0.9988130505331448,4.9619429064553735,0,2579.3869999999993,107.46012131101814,107.46012131101814
0,0,1096,351,23/9/2017,03:28:05.00,4.616564,-74.15627,0.0,0.0,0.0,0.0,17.87899935189295,0.999707967210886,9.928331615314526,54.74452554744526,2579.445999999999,99.88980488785717,207.34992619887532
0,0,1036,337,23/9/2017,03:28:06.00,4.616559,-74.15631,0.0,0.0,0.0,0.0,17.883765474901534,0.9999744659701626,14.896044247231618,57.915057915057915,2579.504999999999,99.9158680127544,307.2657942116297
0,0,992,327,23/9/2017,03:28:07.00,4.616553,-74.15635,0.0,0.0,0.0,0.0,17.88422213116305,1.0,19.863883728110242,60.483870967741936,2579.561999999999,98.0268667452234,405.2926609568531
0,0,961,321,23/9/2017,03:28:08.00,4.616546,-74.15639,0.0,0.0,0.0,0.0,17.88137296446586,0.9998406882515609,24.830931773795204,62.434963579604585,2579.613999999999,93.28202941462838,498.5746903714815
0,0,946,322,23/9/2017,03:28:09.00,4.616539,-74.15643,0.0,0.0,0.0,0.0,17.876035829760273,0.999542261254488,29.796497282061946,63.42494714587738,2579.6589999999987,86.631654696672,585.2063450681535
0,0,944,316,23/9/2017,03:28:10.00,4.616533,-74.15647,0.0,0.0,0.0,0.0,17.869344822798062,0.9991681322086096,34.760204177283626,63.559322033898304,2579.699999999999,82.81088558419397,668.0172306523475
0,0,934,315,23/9/2017,03:28:11.00,4.616524,-74.15651,0.0,0.0,0.0,0.0,17.858694138957084,0.9985725970065266,39.72095254921615,64.23982869379016,2579.736999999999,78.96798619901384,746.9852168513613
0,0,925,311,23/9/2017,03:28:12.00,4.616516,-74.15655,0.0,0.0,0.0,0.0,17.83978891179494,0.9975155072978721,44.67644946915919,64.86486486486487,2579.767999999999,73.18776773714123,820.1729845885026
0,0,917,313,23/9/2017,03:28:13.00,4.616508,-74.15659,0.0,0.0,0.0,0.0,17.81252519252272,0.9959910507644949,49.62437313374883,65.43075245365323,2579.796999999999,71.14435997435285,891.3173445628554
0,0,935,313,23/9/2017,03:28:14.00,4.616500,-74.15663,0.0,0.0,0.0,0.0,17.78059189293363,0.994205493676527,54.563426437341505,64.1711229946524,2579.8199999999993,65.29169926668972,956.6090438295452
0,0,935,322,23/9/2017,03:28:15.00,4.616492,-74.15667,0.0,0.0,0.0,0.0,17.7479751661465,0.9923817226146425,59.493419539048865,64.1711229946524,2579.834,56.597539221348995,1013.2065830508941
0,0,0,345,23/9/2017,03:38:10.00,4.614309,-74.17505,0.0,0.0,0.0,0.0,17.722399097758306,0.9909516314314409,64.41630817731506,0,2579.845,53.61605230687859,1066.8226353577727
0,0,1006,336,23/9/2017,03:38:11.00,4.614285,-74.17508,0.0,0.0,0.0,0.0,17.709677310515563,0.9902402900519031,69.3356629857916,59.64214711729622,2579.8329999999996,31.79033257415947,1098.6129679319322
0,0,980,326,23/9/2017,03:38:12.00,4.614261,-74.17510,0.0,0.0,0.0,0.0,17.694784424051292,0.9894075512078513,74.25088088136141,61.22448979591837,2579.8089999999997,20.358230928741555,1118.9711988606737
0,0,957,323,23/9/2017,03:38:13.00,4.614234,-74.17512,0.0,0.0,0.0,0.0,17.673692162187645,0.9882281729990058,79.16023981530242,62.695924764890286,2579.7709999999993,7.000784354859737,1125.9719832155333
0,0,945,316,23/9/2017,03:38:14.00,4.614206,-74.17515,0.0,0.0,0.0,0.0,17.650038145988734,0.9869055537637137,84.06302818918817,63.492063492063494,2579.7269999999994,1.1953844838450884,1127.1673676993785
0,0,930,312,23/9/2017,03:38:15.00,4.614178,-74.17518,0.0,0.0,0.0,0.0,17.620017578592,0.985226947494089,88.95747751657484,64.51612903225806,2579.6739999999995,-7.481456234727088,1119.6859114646513
0,0,914,304,23/9/2017,03:38:16.00,4.614150,-74.17520,0.0,0.0,0.0,0.0,17.586871359486896,0.9833735697591217,93.84271956087676,65.64551422319475,2579.607999999999,-19.95890265096141,1099.72700881369
0,0,900,304,23/9/2017,03:38:17.00,4.614123,-74.17523,0.0,0.0,0.0,0.0,17.553572839458585,0.9815116760863581,98.71871201628193,66.66666666666667,2579.537999999999,-23.924943865923936,1075.802064947766
0,0,883,299,23/9/2017,03:38:18.00,4.614095,-74.17526,0.0,0.0,0.0,0.0,17.522480672980535,0.9797731511312318,103.58606775877652,67.95016987542469,2579.454999999999,-36.391436700419426,1039.4106282473465
0,0,871,293,23/9/2017,03:38:19.00,4.614065,-74.17529,0.0,0.0,0.0,0.0,17.488918815126542,0.9778965328691765,108.44410076297834,68.88633754305397,2579.3669999999997,-41.30310725017619,998.1075209971704
0,0,867,297,23/9/2017,03:38:20.00,4.614043,-74.17533,0.0,0.0,0.0,0.0,17.45219227847028,0.975842960933707,113.29193195144231,69.20415224913495,2579.271999999999,-48.12283348859164,949.9846875085788
0,0,869,291,23/9/2017,03:38:21.00,4.614021,-74.17537,0.0,0.0,0.0,0.0,17.361356790013602,0.9707638757048113,118.11453105977942,69.04487917146145,2579.2109999999993,-16.429234396325462,933.5554531122533
0,0,853,289,23/9/2017,03:38:22.00,4.613995,-74.17540,0.0,0.0,0.0,0.0,17.268156080947094,0.9655525386736017,122.91124108226472,70.33997655334115,2579.156,-11.251826650444091,922.3036264618092
0,0,844,288,23/9/2017,03:38:23.00,4.613963,-74.17543,0.0,0.0,0.0,0.0,17.173040988992494,0.9602341585250537,127.68153024587374,71.09004739336494,2579.0959999999995,-16.484367414469222,905.81925904734
0,0,844,285,23/9/2017,03:38:24.00,4.613924,-74.17547,0.0,0.0,0.0,0.0,17.075315585618263,0.954769822270588,132.42467346410103,71.09004739336494,2579.0229999999997,-29.292035862701148,876.5272231846388
0,0,831,282,23/9/2017,03:38:25.00,4.613890,-74.17551,0.0,0.0,0.0,0.0,16.979210550130606,0.9493960892235022,137.1411208391373,72.20216606498195,2578.962,-18.443845261080195,858.0833779235586
0,0,831,285,23/9/2017,03:38:26.00,4.613855,-74.17554,0.0,0.0,0.0,0.0,16.879383384902223,0.94381423251784,141.8298384460546,72.20216606498195,2578.909,-11.389493610572192,846.6938843129864
0,0,831,295,23/9/2017,03:38:27.00,4.613818,-74.17558,0.0,0.0,0.0,0.0,16.780027800817745,0.9382587443699182,146.4909572796151,72.20216606498195,2578.864,-4.330871104674078,842.3630132083123
0,0,831,301,23/9/2017,03:38:28.00,4.613784,-74.17561,0.0,0.0,0.0,0.0,16.68993242895369,0.9332210429142275,151.1270496209911,72.20216606498195,2578.828,3.718826344077358,846.0818395523896
0,0,831,306,23/9/2017,03:38:29.00,4.613753,-74.17564,0.0,0.0,0.0,0.0,16.60729661498127,0.9286004441894763,155.740187569597,72.20216606498195,2578.7940000000003,5.190913098052945,851.2727526504426
0,0,0,307,23/9/2017,03:38:30.00,4.613723,-74.17567,0.0,0.0,0.0,0.0,16.530816966704094,0.9243240687499256,160.33208117145924,0,2578.759,3.860655405688044,855.1334080561306
0,0,897,303,23/9/2017,03:38:31.00,4.613692,-74.17570,0.0,0.0,0.0,0.0,16.45691701831548,0.9201919377661661,164.9034470098802,66.88963210702342,2578.726,5.385642864999938,860.5190509211305
0,0,886,301,23/9/2017,03:38:32.00,4.613663,-74.17573,0.0,0.0,0.0,0.0,16.38237493037253,0.9160239014156748,169.45410671276147,67.72009029345372,2578.696,7.857806977520211,868.3768578986508
0,0,885,299,23/9/2017,03:38:33.00,4.613634,-74.17576,0.0,0.0,0.0,0.0,16.304601947290763,0.9116752088915393,173.98316280923112,67.79661016949153,2578.6679999999997,9.372714527330736,877.7495724259815
0,0,885,302,23/9/2017,03:38:34.00,4.613604,-74.17579,0.0,0.0,0.0,0.0,16.225509256867152,0.9072527246569136,178.49024871391643,67.79661016949153,2578.64,8.991533982193593,886.741106408175
0,0,885,304,23/9/2017,03:38:35.00,4.613579,-74.17582,0.0,0.0,0.0,0.0,16.1456474470466,0.9027872349512477,182.97515078254048,67.79661016949153,2578.622,18.067396456433258,904.8085028646083
0,0,885,309,23/9/2017,03:38:36.00,4.613557,-74.17585,0.0,0.0,0.0,0.0,16.06723603846929,0.89840284473275,187.4382719043375,67.79661016949153,2578.613,26.206013599644866,931.0145164642531
0,0,4127,307,23/9/2017,03:38:37.00,4.613531,-74.17589,0.0,0.0,0.0,0.0,15.98665446325514,0.8938971091954053,191.87900925524173,14.53840562151684,2578.607,28.664789727965267,959.6793061922184
0,0,896,299,23/9/2017,03:38:38.00,4.613497,-74.17592,0.0,0.0,0.0,0.0,15.993505865249817,0.8942802067628829,196.3216497733667,66.96428571428571,2578.545,-24.292640717743364,935.3866654744751
0,0,896,300,23/9/2017,03:38:39.00,4.613464,-74.17596,0.0,0.0,0.0,0.0,15.999489837406596,0.8946148018105675,200.76595250597964,66.96428571428571,2578.481,-26.156213450795168,909.23045202368
0,0,896,303,23/9/2017,03:38:40.00,4.613431,-74.17599,0.0,0.0,0.0,0.0,16.009843638710098,0.8951937367638222,205.21313129451022,66.96428571428571,2578.415,-27.99889831861093,881.231553705069
0,0,896,303,23/9/2017,03:38:41.00,4.613399,-74.17602,0.0,0.0,0.0,0.0,16.019987396132002,0.8957609270697527,209.66312779343576,66.96428571428571,2578.346,-30.788641523883676,850.4429121811853
0,0,0,305,23/9/2017,03:38:42.00,4.613368,-74.17606,0.0,0.0,0.0,0.0,16.026416135223325,0.8961203913530844,214.11491005322003,0,2578.277,-30.758577289474115,819.6843348917112
0,0,0,299,23/9/2017,03:38:43.00,4.613340,-74.17610,0.0,0.0,0.0,0.0,16.029241714556875,0.8962783842091799,218.56747719615248,0,2578.215,-24.124576873136363,795.5597580185748
0,0,0,294,23/9/2017,03:38:44.00,4.613308,-74.17613,0.0,0.0,0.0,0.0,16.02924171455688,0.8962783842091802,223.02004433908496,0,2578.153,-24.12460706135746,771.4351509572174
0,0,0,293,23/9/2017,03:38:45.00,4.613276,-74.17616,0.0,0.0,0.0,0.0,16.02124726467995,0.895831372881637,227.47039080149605,0,2578.091,-24.16204889389485,747.2731020633225
0,0,0,297,23/9/2017,03:38:46.00,4.613242,-74.17619,0.0,0.0,0.0,0.0,16.00788614191754,0.8950842829235487,231.9170258409176,0,2578.029,-24.224527680568453,723.048574382754
0,0,0,300,23/9/2017,03:38:47.00,4.613212,-74.17623,0.0,0.0,0.0,0.0,15.996388882765395,0.8944414112868724,236.36046719724132,0,2577.973,-18.60382164818654,704.4447527345675
0,0,0,324,23/9/2017,03:38:48.00,4.613184,-74.17626,0.0,0.0,0.0,0.0,15.986122906440679,0.8938673870855722,240.80105689347485,0,2577.9190000000003,-16.760502536071815,687.6842501984956
0,0,0,324,23/9/2017,03:38:49.00,4.613159,-74.17630,0.0,0.0,0.0,0.0,15.979512549354192,0.8934977675942682,245.23981037940658,0,2577.8670000000006,-14.900119356998525,672.7841308414971
0,0,914,306,23/9/2017,03:38:50.00,4.613133,-74.17633,0.0,0.0,0.0,0.0,15.971112922680383,0.8930281007218595,249.67623063570667,65.64551422319475,2577.812000000001,-17.77687385074753,655.0072569907496
0,0,884,293,23/9/2017,03:38:51.00,4.613103,-74.17636,0.0,0.0,0.0,0.0,15.944972258062771,0.8915664400230661,254.10538959627968,67.87330316742081,2577.7610000000004,-14.113653283907622,640.893603706842
0,0,856,288,23/9/2017,03:38:52.00,4.613075,-74.17639,0.0,0.0,0.0,0.0,15.910549319645472,0.8896416742622272,258.52498662951456,70.09345794392523,2577.7090000000007,-15.218233710050722,625.6753699967912
0,0,848,283,23/9/2017,03:38:53.00,4.613043,-74.17642,0.0,0.0,0.0,0.0,15.87075892599002,0.887416786125431,262.9335307756229,70.75471698113208,2577.6530000000002,-19.185020581776644,606.4903494150146
0,0,826,274,23/9/2017,03:38:54.00,4.613011,-74.17646,0.0,0.0,0.0,0.0,15.82270130045446,0.884729633998651,267.3287255813047,72.63922518159806,2577.5930000000008,-23.18801747021144,583.3023319448032
0,0,826,271,23/9/2017,03:38:55.00,4.612980,-74.17649,0.0,0.0,0.0,0.0,15.76522443750589,0.8815158032529224,271.707954591723,72.63922518159806,2577.5370000000007,-19.66557088420942,563.6367610605938
0,0,826,274,23/9/2017,03:38:56.00,4.612952,-74.17653,0.0,0.0,0.0,0.0,15.7014665669805,0.8779507686622208,276.0694730825509,72.63922518159806,2577.4770000000008,-23.737697658023766,539.89906340257
0,0,826,271,23/9/2017,03:38:57.00,4.612929,-74.17656,0.0,0.0,0.0,0.0,15.649183853256172,0.8750273698506378,280.4164685973443,72.63922518159806,2577.4230000000007,-18.305569009247755,521.5934943933223
0,0,0,269,23/9/2017,03:38:58.00,4.612904,-74.17661,0.0,0.0,0.0,0.0,15.602012665673627,0.8723897830863608,284.75036100447585,0,2577.358,-28.925016597324603,492.6684777959977
0,0,0,273,23/9/2017,03:38:59.00,4.612876,-74.17665,0.0,0.0,0.0,0.0,15.553822948653439,0.8696952450367457,289.0708673791018,0,2577.304,-18.737536622669978,473.9309411733277
0,0,0,271,23/9/2017,03:39:00.00,4.612844,-74.17668,0.0,0.0,0.0,0.0,15.503790919815541,0.8668976937386819,293.37747596793946,0,2577.2380000000003,-30.310902279113087,443.62003889421464
0,0,0,270,23/9/2017,03:39:01.00,4.612810,-74.17672,0.0,0.0,0.0,0.0,15.44906006822657,0.863837406789237,297.66888154244685,0,2577.172,-30.55289274025409,413.06714615396055
0,0,0,265,23/9/2017,03:39:02.00,4.612769,-74.17675,0.0,0.0,0.0,0.0,15.392910103110763,0.8606977698117938,301.9446899044221,0,2577.101,-35.53020108446857,377.536945069492
0,0,770,259,23/9/2017,03:39:03.00,4.612730,-74.17678,0.0,0.0,0.0,0.0,15.330710902221288,0.8572198885579542,306.2032207105947,77.92207792207792,2577.02,-45.25972419044579,332.2772208790462
0,0,770,256,23/9/2017,03:39:04.00,4.612693,-74.17682,0.0,0.0,0.0,0.0,15.264678387671115,0.8535276667735294,310.44340915161445,77.92207792207792,2576.942,-42.7091253604889,289.5680955185573
0,0,770,262,23/9/2017,03:39:05.00,4.612655,-74.17686,0.0,0.0,0.0,0.0,15.199126601289523,0.8498623250046319,314.66538876308374,77.92207792207792,2576.869,-38.26488462473195,251.30321089382534
0,0,770,260,23/9/2017,03:39:06.00,4.612616,-74.17690,0.0,0.0,0.0,0.0,15.139655705576054,0.846536997502138,318.8708486812993,77.92207792207792,2576.795,-39.47020963839476,211.8330012554306
0,0,0,257,23/9/2017,03:39:07.00,4.612579,-74.17694,0.0,0.0,0.0,0.0,15.077211377235566,0.8430454098958936,323.05896295275363,0,2576.72,-40.68239902655803,171.15060222887257
0,0,0,253,23/9/2017,03:39:08.00,4.612542,-74.17697,0.0,0.0,0.0,0.0,15.010319295463793,0.8393051252315015,327.22849609038246,0,2576.643,-42.856745985010186,128.2938562438624
0,0,0,251,23/9/2017,03:39:09.00,4.612504,-74.17701,0.0,0.0,0.0,0.0,14.940947545141132,0.8354261893843683,331.3787592973661,0,2576.5660000000003,-43.14875076465045,85.14510547921194
0,0,0,249,23/9/2017,03:39:10.00,4.612468,-74.17705,0.0,0.0,0.0,0.0,14.866847594389455,0.831282875226882,335.5084391846965,0,2576.493,-39.67372643860673,45.47137904060521
0,0,0,250,23/9/2017,03:39:11.00,4.612435,-74.17709,0.0,0.0,0.0,0.0,14.787811653851119,0.8268635641738943,339.61616464409957,0,2576.425,-35.27060524160558,10.200773798999627
0,0,0,248,23/9/2017,03:39:12.00,4.612400,-74.17714,0.0,0.0,0.0,0.0,14.707714790272425,0.8223849313884557,343.7016409747308,0,2576.3590000000004,-33.708815895769156,-23.50804209676953
0,0,0,248,23/9/2017,03:39:13.00,4.612364,-74.17717,0.0,0.0,0.0,0.0,14.62059490043915,0.8175136046293527,347.7629173359639,0,2576.295,-32.1690060154113,-55.67704811218083
0,0,0,251,23/9/2017,03:39:14.00,4.612329,-74.17721,0.0,0.0,0.0,0.0,14.539768815381178,0.8129941972732379,351.8017420069031,0,2576.2180000000003,-44.796480075960844,-100.47352818814167
0,0,0,252,23/9/2017,03:39:15.00,4.612293,-74.17725,0.0,0.0,0.0,0.0,14.46668615323852,0.8089077650198991,355.82026593835826,0,2576.14,-46.04059499733872,-146.5141231854804
0,0,0,253,23/9/2017,03:39:16.00,4.612258,-74.17729,0.0,0.0,0.0,0.0,14.397928259354202,0.805063153083185,359.81969045484556,0,2576.062,-46.317188196157154,-192.83131138163756
0,0,0,254,23/9/2017,03:39:17.00,4.612222,-74.17732,0.0,0.0,0.0,0.0,14.332923347803666,0.8014283899342043,363.8010580514577,0,2575.975,-55.08914493551972,-247.9204563171573
0,0,0,255,23/9/2017,03:39:18.00,4.612186,-74.17736,0.0,0.0,0.0,0.0,14.271403368587213,0.7979884875014753,367.76533676495416,0,2575.881,-61.953755060773695,-309.874211377931
0,0,0,255,23/9/2017,03:39:19.00,4.612153,-74.17740,0.0,0.0,0.0,0.0,14.212660208528092,0.7947038514894476,371.71329793398974,0,2575.788,-61.238702144834654,-371.1129135227656
0,0,0,261,23/9/2017,03:39:20.00,4.612120,-74.17743,0.0,0.0,0.0,0.0,14.154319377267182,0.7914417117758477,375.645053316564,0,2575.7050000000004,-52.00687426884118,-423.11978779160677
0,0,0,268,23/9/2017,03:39:21.00,4.612087,-74.17747,0.0,0.0,0.0,0.0,14.101044665984565,0.7884628452144786,379.5620101682264,0,2575.6090000000004,-64.51069896423303,-487.6304867558398
0,0,0,273,23/9/2017,03:39:22.00,4.612056,-74.17750,0.0,0.0,0.0,0.0,14.052944608911185,0.7857733205194366,383.4656058929239,0,2575.505,-72.26417378103224,-559.894660536872
0,0,0,277,23/9/2017,03:39:23.00,4.612025,-74.17754,0.0,0.0,0.0,0.0,14.007973681154857,0.7832587617409495,387.35670969324474,0,2575.398,-75.27458341149153,-635.1692439483636
0,0,0,279,23/9/2017,03:39:24.00,4.611995,-74.17757,0.0,0.0,0.0,0.0,13.965335543247459,0.7808746413920359,391.235969566369,0,2575.293,-73.54564160744012,-708.7148855558037
0,0,0,284,23/9/2017,03:39:25.00,4.611963,-74.17760,0.0,0.0,0.0,0.0,13.923635461147486,0.77854297262869,395.1036460833544,0,2575.183,-78.4330058357666,-787.1478913915703
0,0,0,288,23/9/2017,03:39:26.00,4.611927,-74.17764,0.0,0.0,0.0,0.0,13.885598389907956,0.7764161218794338,398.9607567472177,0,2575.072,-79.52321839317906,-866.6711097847493
0,0,0,298,23/9/2017,03:39:27.00,4.611902,-74.17767,0.0,0.0,0.0,0.0,13.84850293119873,0.7743419215906446,402.80756311699514,0,2574.987,-55.070193512195374,-921.7413032969447
0,0,882,294,23/9/2017,03:39:28.00,4.611872,-74.17771,0.0,0.0,0.0,0.0,13.817825871283146,0.7726266074052919,406.64584808124044,68.02721088435375,2574.9120000000003,-45.727969515241476,-967.4692728121862
0,0,856,286,23/9/2017,03:39:29.00,4.611843,-74.17774,0.0,0.0,0.0,0.0,13.78439453543418,0.7707572873082935,410.4748465633055,70.09345794392523,2574.833,-49.635138044826746,-1017.1044108570129
0,0,837,283,23/9/2017,03:39:30.00,4.611811,-74.17778,0.0,0.0,0.0,0.0,13.746437036911004,0.7686348858840216,414.2933012957808,71.68458781362007,2574.755,-48.82881569953655,-1065.9332265565495
0,0,825,278,23/9/2017,03:39:31.00,4.611782,-74.17781,0.0,0.0,0.0,0.0,13.707356512383077,0.7664496902271286,418.1009003269983,72.72727272727273,2574.667,-58.431286429574705,-1124.3645129861243
0,0,819,280,23/9/2017,03:39:32.00,4.611750,-74.17785,0.0,0.0,0.0,0.0,13.667424230373756,0.7642168683735161,421.8974070576577,73.26007326007326,2574.5730000000003,-64.25296733659931,-1188.6174803227236
0,0,819,284,23/9/2017,03:39:33.00,4.611716,-74.17788,0.0,0.0,0.0,0.0,13.630068967572765,0.7621281410849023,425.6835373264279,73.26007326007326,2574.4750000000004,-68.17389653864198,-1256.7913768613655
0,0,819,292,23/9/2017,03:39:34.00,4.611682,-74.17792,0.0,0.0,0.0,0.0,13.597012889177972,0.7602798035864995,429.46048535119957,73.26007326007326,2574.3680000000004,-76.80836316570378,-1333.5997400270694
0,0,819,304,23/9/2017,03:39:35.00,4.611645,-74.17795,0.0,0.0,0.0,0.0,13.572912898469305,0.7589322475937413,433.2307389341077,73.26007326007326,2574.2600000000007,-77.84375852453239,-1411.4434985516018
0,0,0,323,23/9/2017,03:39:36.00,4.611613,-74.17798,0.0,0.0,0.0,0.0,13.559038288548141,0.7581564458943771,436.9971384587044,0,2574.1650000000004,-65.59928507875247,-1477.0427836303543
0,0,0,325,23/9/2017,03:39:37.00,4.611581,-74.17801,0.0,0.0,0.0,0.0,13.555169116282544,0.7579401003224412,440.7624632132273,0,2574.0800000000004,-56.15540468564725,-1533.1981883160015
0,0,0,336,23/9/2017,03:39:38.00,4.611550,-74.17804,0.0,0.0,0.0,0.0,13.554681073792656,0.7579128113251167,444.52765240039196,0,2574.0020000000004,-49.53627713120915,-1582.7344654472106
0,0,0,340,23/9/2017,03:39:39.00,4.611523,-74.17807,0.0,0.0,0.0,0.0,13.555602589721582,0.7579643380799381,448.2930975642035,0,2573.9340000000007,-40.074503950872824,-1622.8089693980835
0,0,0,336,23/9/2017,03:39:40.00,4.611496,-74.17810,0.0,0.0,0.0,0.0,13.561648689051061,0.7583024069814055,452.060222200051,0,2573.8620000000005,-43.835824295646574,-1666.64479369373
0,0,984,333,23/9/2017,03:39:41.00,4.611468,-74.17813,0.0,0.0,0.0,0.0,13.568839958216056,0.7587045082923964,455.8293444106666,60.97560975609757,2573.7930000000006,-40.97216622592572,-1707.6169599196558
0,0,980,332,23/9/2017,03:39:42.00,4.611440,-74.17816,0.0,0.0,0.0,0.0,13.576164466942323,0.759114059721167,459.60050120703943,61.22448979591837,2573.7290000000007,-36.21638728046265,-1743.8333472001184
0,0,983,336,23/9/2017,03:39:43.00,4.611413,-74.17819,0.0,0.0,0.0,0.0,13.582004990489459,0.7594406338100091,463.37328037106425,61.03763987792472,2573.6740000000004,-27.68275841926358,-1771.516105619382
0,0,983,338,23/9/2017,03:39:44.00,4.611386,-74.17823,0.0,0.0,0.0,0.0,13.591228870749665,0.7599563889931286,467.14862172405026,61.03763987792472,2573.6220000000003,-24.811556056760715,-1796.3276616761427
0,0,983,356,23/9/2017,03:39:45.00,4.611361,-74.17826,0.0,0.0,0.0,0.0,13.599330750329635,0.7604094072748604,470.9262135991418,61.03763987792472,2573.5720000000006,-22.89050131230547,-1819.2181629884483
0,0,983,372,23/9/2017,03:39:46.00,4.611337,-74.17829,0.0,0.0,0.0,0.0,13.609362858349094,0.7609703546812325,474.7065921709055,61.03763987792472,2573.528000000001,-17.178898484170027,-1836.3970614726184
0,0,0,388,23/9/2017,03:39:47.00,4.611313,-74.17832,0.0,0.0,0.0,0.0,13.630449587171578,0.7621494235089307,478.49282816734205,0,2573.480000000001,-20.883952164174673,-1857.281013636793
0,0,0,390,23/9/2017,03:39:48.00,4.611290,-74.17835,0.0,0.0,0.0,0.0,13.65726828604217,0.7636489966339961,482.2865138023538,0,2573.432000000001,-20.784808658283126,-1878.065822295076
0,0,1143,383,23/9/2017,03:39:49.00,4.611266,-74.17838,0.0,0.0,0.0,0.0,13.683297218836364,0.7651044098246452,486.087429696475,52.493438320209975,2573.3950000000013,-10.285466471881744,-1888.3512887669579
0,0,1121,377,23/9/2017,03:39:50.00,4.611243,-74.17840,0.0,0.0,0.0,0.0,13.707882026933857,0.7664790744825313,489.8951747039566,53.52363960749331,2573.365000000001,-3.574611730831172,-1891.925900497789
0,0,1102,372,23/9/2017,03:39:51.00,4.611219,-74.17843,0.0,0.0,0.0,0.0,13.72647255281333,0.7675185676035141,493.7080837464048,54.44646098003629,2573.3410000000013,2.1678083871144658,-1889.7580921106744
0,0,1098,376,23/9/2017,03:39:52.00,4.611195,-74.17846,0.0,0.0,0.0,0.0,13.74275186414365,0.7684288286822978,497.52551481977804,54.6448087431694,2573.3210000000013,6.010866749911993,-1883.7472253607625
0,0,1110,379,23/9/2017,03:39:53.00,4.611172,-74.17849,0.0,0.0,0.0,0.0,13.75776159055069,0.7692681006560498,501.34711526159765,54.054054054054056,2573.307000000001,11.741064915734023,-1872.0061604450284
0,0,1110,387,23/9/2017,03:39:54.00,4.611147,-74.17851,0.0,0.0,0.0,0.0,13.76822662074908,0.7698532549960955,505.1716226562502,54.054054054054056,2573.298000000001,16.50838776364076,-1855.4977726813877
0,0,1110,390,23/9/2017,03:39:55.00,4.611123,-74.17854,0.0,0.0,0.0,0.0,13.776669179325133,0.7703253224147472,508.9984752060627,54.054054054054056,2573.287000000001,14.647986018721998,-1840.8497866626658
0,0,1110,378,23/9/2017,03:39:56.00,4.611101,-74.17857,0.0,0.0,0.0,0.0,13.780158255020407,0.7705204148079016,512.8262969435684,54.054054054054056,2573.2810000000013,19.38967474913425,-1821.4601119135316
0,0,1110,372,23/9/2017,03:39:57.00,4.611078,-74.17859,0.0,0.0,0.0,0.0,13.77072419156411,0.7699929071876591,516.6514981078918,54.054054054054056,2573.278000000001,22.19231107584455,-1799.267800837687
0,0,0,371,23/9/2017,03:39:58.00,4.611054,-74.17862,0.0,0.0,0.0,0.0,13.743646216174515,0.7684788365621097,520.4691776123848,0,2573.277000000001,23.986010838880013,-1775.281789998807
0,0,0,370,23/9/2017,03:39:59.00,4.611031,-74.17865,0.0,0.0,0.0,0.0,13.70979801707296,0.7665862074696441,524.2774548393495,0,2573.279000000001,26.69995833514431,-1748.5818316636626
0,0,0,621,23/9/2017,03:46:41.00,4.607690,-74.18379,0.0,0.0,0.0,0.0,13.650840299644452,0.7632895744376839,528.0693549225841,0,2573.284000000001,29.329568175392183,-1719.2522634882703
0,0,1342,612,23/9/2017,03:46:42.00,4.607706,-74.18380,0.0,0.0,0.0,0.0,13.639893458727876,0.7626774795511245,531.8582142166752,44.70938897168406,2573.2480000000005,-9.50084923221115,-1728.7531127204813
0,0,1342,617,23/9/2017,03:46:43.00,4.607723,-74.18381,0.0,0.0,0.0,0.0,13.62020021635819,0.76157632780825,535.6416031656636,44.70938897168406,2573.2130000000006,-8.625951144140837,-1737.3790638646221
0,0,1877,632,23/9/2017,03:46:44.00,4.607741,-74.18382,0.0,0.0,0.0,0.0,13.601029668079976,0.7605044026142093,539.4196669623525,31.965903036760785,2573.1710000000003,-15.316603586738195,-1752.6956674513604
0,0,1877,606,23/9/2017,03:46:45.00,4.607760,-74.18384,0.0,0.0,0.0,0.0,13.576539106516591,0.7591350077708792,543.1909278252738,31.965903036760785,2573.1250000000005,-19.188044426956008,-1771.8837118783163
0,0,1877,619,23/9/2017,03:46:46.00,4.607778,-74.18385,0.0,0.0,0.0,0.0,13.52780675772823,0.7564101283530908,546.9486519246427,31.965903036760785,2573.079,-19.357784056766047,-1791.2414959350824
0,0,1877,630,23/9/2017,03:46:47.00,4.607794,-74.18386,0.0,0.0,0.0,0.0,13.486345172925295,0.7540917952157111,550.694858917122,31.965903036760785,2573.0320000000006,-20.45545473653007,-1811.6969506716125
0,0,3749,607,23/9/2017,03:46:48.00,4.607812,-74.18387,0.0,0.0,0.0,0.0,13.447721007245395,0.7519321169587184,554.4303369746901,16.004267804747933,2572.9880000000003,-17.757373002205355,-1829.454323673818
0,0,1272,580,23/9/2017,03:46:49.00,4.607831,-74.18388,0.0,0.0,0.0,0.0,13.405986864468948,0.7495985436855636,558.1542222148204,47.16981132075472,2572.942,-19.797073420952987,-1849.251397094771
0,0,1272,559,23/9/2017,03:46:50.00,4.607850,-74.18390,0.0,0.0,0.0,0.0,13.351330029385968,0.7465423953844451,561.8629250007609,47.16981132075472,2572.897,-19.040627653512143,-1868.292024748283
0,0,1215,547,23/9/2017,03:46:51.00,4.607870,-74.18391,0.0,0.0,0.0,0.0,13.301811581079553,0.7437735610486128,565.5578726621719,49.382716049382715,2572.8520000000003,-19.217461486772446,-1887.5094862350554
0,0,1177,538,23/9/2017,03:46:52.00,4.607890,-74.18392,0.0,0.0,0.0,0.0,13.265840802124371,0.7417622474621806,569.2428284405398,50.97706032285472,2572.8050000000003,-21.239857825866757,-1908.749344060922
0,0,1177,550,23/9/2017,03:46:53.00,4.607909,-74.18393,0.0,0.0,0.0,0.0,13.246333683999236,0.7406715028951498,572.922365574984,50.97706032285472,2572.7520000000004,-26.986583592896285,-1935.7359276538184
0,0,1177,551,23/9/2017,03:46:54.00,4.607928,-74.18395,0.0,0.0,0.0,0.0,13.235051916332916,0.7400406805097209,576.5987688850765,50.97706032285472,2572.6910000000003,-34.59363591023377,-1970.3295635640523
0,0,1177,566,23/9/2017,03:46:55.00,4.607946,-74.18396,0.0,0.0,0.0,0.0,13.223940774311883,0.7394193986927349,580.2720857668298,50.97706032285472,2572.63,-34.63244732890878,-2004.962010892961
0,0,0,564,23/9/2017,03:46:56.00,4.607963,-74.18397,0.0,0.0,0.0,0.0,13.216389379520026,0.7389971608824194,583.9433050389188,0,2572.565,-38.44238424302595,-2043.404395135987
0,0,0,596,23/9/2017,03:46:57.00,4.607982,-74.18399,0.0,0.0,0.0,0.0,13.209614919059387,0.7386183655168198,587.6126425164352,0,2572.4959999999996,-42.24939632640366,-2085.6537914623905
0,0,0,295,23/9/2017,03:51:08.00,4.614641,-74.18710,0.0,0.0,0.0,0.0,13.209760731765394,0.738626518664602,591.2820204974812,0,2572.426,-43.19490372103072,-2128.848695183421
0,0,0,289,23/9/2017,03:51:09.00,4.614687,-74.18710,0.0,0.0,0.0,0.0,13.125194998812134,0.7338980081186552,594.9279079971512,0,2572.415,12.342197726883906,-2116.506497456537
0,0,0,283,23/9/2017,03:51:10.00,4.614734,-74.18710,0.0,0.0,0.0,0.0,13.035580106633457,0.728887172784502,598.5489024712161,0,2572.41,17.712624728229745,-2098.793872728307
0,0,0,286,23/9/2017,03:51:11.00,4.614777,-74.18710,0.0,0.0,0.0,0.0,12.94065561250966,0.7235794499533037,602.1435290302466,0,2572.4060000000004,18.33965698587404,-2080.454215742433
0,0,0,292,23/9/2017,03:51:12.00,4.614820,-74.18710,0.0,0.0,0.0,0.0,12.85041514973346,0.7185336357090846,605.7130887940614,0,2572.4010000000003,17.087272433002,-2063.366943309431
0,0,0,300,23/9/2017,03:51:13.00,4.614863,-74.18710,0.0,0.0,0.0,0.0,12.76485137356373,0.7137493193691172,609.2588808422735,0,2572.3920000000003,13.016293663756255,-2050.350649645675
0,0,0,299,23/9/2017,03:51:14.00,4.614909,-74.18710,0.0,0.0,0.0,0.0,12.68179690952627,0.709105311738909,612.7816022060308,0,2572.377,7.066238380986933,-2043.2844112646878
0,0,0,308,23/9/2017,03:51:15.00,4.614954,-74.18710,0.0,0.0,0.0,0.0,12.604615858276702,0.7047897172062801,616.2828843888855,0,2572.362,6.810692859357746,-2036.4737184053301
0,0,0,317,23/9/2017,03:51:16.00,4.614997,-74.18710,0.0,0.0,0.0,0.0,12.537724797197098,0.7010494896141028,619.7655857214402,0,2572.346,5.64271423157084,-2030.8310041737593
0,0,0,318,23/9/2017,03:51:17.00,4.615036,-74.18711,0.0,0.0,0.0,0.0,12.476797681319802,0.6976427372582857,623.2313628551401,0,2572.327,2.6066265313378048,-2028.2243776424216
0,0,0,319,23/9/2017,03:51:18.00,4.615077,-74.18711,0.0,0.0,0.0,0.0,12.416585868396574,0.694275981215913,626.6804144852503,0,2572.3030000000003,-2.314865109948282,-2030.5392427523698
0,0,0,338,23/9/2017,03:51:19.00,4.615117,-74.18711,0.0,0.0,0.0,0.0,12.351142162952247,0.6906166828151012,630.1112873082925,0,2572.2790000000005,-2.519696140964823,-2033.0589388933347
0,0,0,342,23/9/2017,03:51:20.00,4.615157,-74.18712,0.0,0.0,0.0,0.0,12.292517463243607,0.687338670538208,633.5258754925269,0,2572.2530000000006,-4.59888040206456,-2037.6578192953993
0,0,0,362,23/9/2017,03:51:21.00,4.615194,-74.18712,0.0,0.0,0.0,0.0,12.217253848025427,0.6831302898400599,636.9195571169784,0,2572.2300000000005,-1.987887319595007,-2039.6457066149944
0,0,0,364,23/9/2017,03:51:22.00,4.615229,-74.18712,0.0,0.0,0.0,0.0,12.149461831050324,0.6793396851116061,640.2944076256034,0,2572.206,-3.147497914584108,-2042.7932045295786
0,0,0,370,23/9/2017,03:51:23.00,4.615262,-74.18712,0.0,0.0,0.0,0.0,12.075803566372313,0.6752210679227902,643.6487975051513,0,2572.1800000000007,-5.261997628299126,-2048.055202157878
0,0,0,384,23/9/2017,03:51:24.00,4.615298,-74.18713,0.0,0.0,0.0,0.0,11.998426007189902,0.670894485608227,646.9816936182596,0,2572.1500000000005,-9.278439928444621,-2057.3336420863225
0,0,0,394,23/9/2017,03:51:25.00,4.615331,-74.18714,0.0,0.0,0.0,0.0,11.919072274753448,0.666457405155162,650.2925470279133,0,2572.1220000000003,-7.624752448209937,-2064.9583945345325
0,0,0,407,23/9/2017,03:51:26.00,4.615360,-74.18714,0.0,0.0,0.0,0.0,11.830356547723703,0.6614968468273185,653.5787571800588,0,2572.092,-9.775083923732874,-2074.7334784582654
0,0,0,379,23/9/2017,03:51:27.00,4.615391,-74.18715,0.0,0.0,0.0,0.0,11.739878286258689,0.6564377360199574,656.8398344817973,0,2572.058,-13.824195866796167,-2088.5576743250617
0,0,1091,360,23/9/2017,03:51:28.00,4.615425,-74.18716,0.0,0.0,0.0,0.0,11.640013971682801,0.6508538021008032,660.0731716961536,54.995417048579284,2572.021,-16.946311464215043,-2105.5039857892766
0,0,1091,359,23/9/2017,03:51:29.00,4.615457,-74.18718,0.0,0.0,0.0,0.0,11.53241387598156,0.6448373203711478,663.2766199950374,54.995417048579284,2571.982,-19.141991871005306,-2124.645977660282
0,0,1091,371,23/9/2017,03:51:30.00,4.615492,-74.18719,0.0,0.0,0.0,0.0,11.424413686642094,0.6387984673225002,666.4500682413269,54.995417048579284,2571.938,-24.178032691172785,-2148.8240103514545
0,0,1091,380,23/9/2017,03:51:31.00,4.615521,-74.18720,0.0,0.0,0.0,0.0,11.32107226958598,0.6330201104950012,669.5948105384341,54.995417048579284,2571.8979999999997,-20.688717880543237,-2169.5127282319977
0,0,0,382,23/9/2017,03:51:32.00,4.615558,-74.18722,0.0,0.0,0.0,0.0,11.205040217394298,0.6265321541645161,672.7073217099326,0,2571.854,-24.78309139125258,-2194.2958196232503
0,0,0,389,23/9/2017,03:51:33.00,4.615597,-74.18724,0.0,0.0,0.0,0.0,11.089720594271284,0.6200840334535755,675.7877996527857,0,2571.8179999999998,-17.53227773411382,-2211.828097357364
0,0,0,387,23/9/2017,03:51:34.00,4.615628,-74.18725,0.0,0.0,0.0,0.0,10.97593894111724,0.6137219086533148,678.8366715808738,0,2571.792999999999,-7.436270756484039,-2219.2643681138484
0,0,1126,379,23/9/2017,03:51:35.00,4.615663,-74.18727,0.0,0.0,0.0,0.0,10.8614703333814,0.6073213726447411,681.8537466734798,53.285968028419184,2571.767999999999,-7.739861199957641,-2227.004229313806
0,0,1106,375,23/9/2017,03:51:36.00,4.615697,-74.18728,0.0,0.0,0.0,0.0,10.744181405515533,0.6007631378495306,684.8382415083453,54.249547920434,2571.747999999999,-3.3156148505802303,-2230.319844164386
0,0,1106,379,23/9/2017,03:51:37.00,4.615730,-74.18730,0.0,0.0,0.0,0.0,10.625437192462567,0.5941235304804152,687.7897518395848,54.249547920434,2571.7309999999993,-0.7834745639967893,-2231.1033187283824
0,0,1106,385,23/9/2017,03:51:38.00,4.615763,-74.18731,0.0,0.0,0.0,0.0,10.504513534847877,0.5873620590153532,690.7076722659315,54.249547920434,2571.716999999999,1.7483132269627477,-2229.35500550142
0,0,1106,383,23/9/2017,03:51:39.00,4.615797,-74.18733,0.0,0.0,0.0,0.0,10.406723797963497,0.5818941255392877,693.5984288764769,54.249547920434,2571.7099999999996,8.104370848239396,-2221.2506346531804
0,0,0,392,23/9/2017,03:51:40.00,4.615827,-74.18734,0.0,0.0,0.0,0.0,10.320176900574435,0.577054837771873,696.465144682192,0,2571.7089999999994,13.556583810328293,-2207.694050842852
0,0,0,402,23/9/2017,03:51:41.00,4.615856,-74.18736,0.0,0.0,0.0,0.0,10.254476034332365,0.5733811601715715,699.3136102472843,0,2571.711999999999,17.166289100098737,-2190.5277617427532
0,0,0,408,23/9/2017,03:51:42.00,4.615886,-74.18737,0.0,0.0,0.0,0.0,10.185627067791556,0.5695314558883284,702.1429510994486,0,2571.7149999999992,17.000148104295267,-2173.5276136384578
0,0,0,426,23/9/2017,03:51:43.00,4.615918,-74.18739,0.0,0.0,0.0,0.0,10.115157140916045,0.5655911152708454,704.9527169719253,0,2571.7219999999993,20.613923146359873,-2152.913690492098
0,0,0,405,23/9/2017,03:51:44.00,4.615947,-74.18740,0.0,0.0,0.0,0.0,10.050042237011118,0.5619502018764929,707.744395371095,0,2571.7319999999995,23.292577757912316,-2129.6211127341858
0,0,1197,389,23/9/2017,03:51:45.00,4.615978,-74.18742,0.0,0.0,0.0,0.0,9.951222879093763,0.5564246969262293,710.5086239486211,50.125313283208015,2571.7469999999994,27.808121056380045,-2101.8129916778057
0,0,1139,379,23/9/2017,03:51:46.00,4.616006,-74.18744,0.0,0.0,0.0,0.0,9.847152135039982,0.5506055596279714,713.2439439861322,52.67778753292362,2571.7589999999996,24.73133451485017,-2077.0816571629557
0,0,1118,371,23/9/2017,03:51:47.00,4.616035,-74.18746,0.0,0.0,0.0,0.0,9.739145812743219,0.5445663636537409,715.9492622674497,53.66726296958855,2571.7699999999995,23.539379274568997,-2053.5422778883867
0,0,1085,364,23/9/2017,03:51:48.00,4.616061,-74.18748,0.0,0.0,0.0,0.0,9.654662703083595,0.5398424730064416,718.6311130183063,55.29953917050691,2571.781,23.329596202578692,-2030.212681685808
0,0,1064,359,23/9/2017,03:51:49.00,4.616083,-74.18751,0.0,0.0,0.0,0.0,9.58363509071551,0.5358709492886548,721.2932338768384,56.39097744360902,2571.786,17.486650537047247,-2012.7260311487607
0,0,1049,358,23/9/2017,03:51:50.00,4.616100,-74.18753,0.0,0.0,0.0,0.0,9.519274881423524,0.5322722348005451,723.937476899456,57.19733079122974,2571.785,11.664468184560397,-2001.0615629642004
0,0,1049,357,23/9/2017,03:51:51.00,4.616116,-74.18757,0.0,0.0,0.0,0.0,9.462036316396098,0.5290717285326383,726.5658203206772,57.19733079122974,2571.779,6.805109619178761,-1994.2564533450218
0,0,1052,357,23/9/2017,03:51:52.00,4.616129,-74.18760,0.0,0.0,0.0,0.0,9.410363446094614,0.526182429242878,729.1798101668146,57.03422053231939,2571.77,3.8514565830905263,-1990.4049967619312
0,0,1051,358,23/9/2017,03:51:53.00,4.616141,-74.18764,0.0,0.0,0.0,0.0,9.361813517167365,0.5234677498695631,731.7803139215833,57.08848715509039,2571.767,9.418615494129465,-1980.9863812678018
0,0,1056,359,23/9/2017,03:51:54.00,4.616154,-74.18767,0.0,0.0,0.0,0.0,9.31420912992709,0.5208059406563279,734.367594235452,56.81818181818182,2571.7620000000006,7.422999885120892,-1973.563381382681
0,0,1056,360,23/9/2017,03:51:55.00,4.616171,-74.18770,0.0,0.0,0.0,0.0,9.267007071485025,0.5181666277415204,736.94176286642,56.81818181818182,2571.7380000000003,-10.64956898611413,-1984.2129503687952
0,0,1045,359,23/9/2017,03:51:56.00,4.616186,-74.18773,0.0,0.0,0.0,0.0,9.222241718850405,0.5156635637387189,739.5034966772118,57.41626794258374,2571.7080000000005,-16.421663400374445,-2000.6346137691696
0,0,1059,363,23/9/2017,03:51:57.00,4.616201,-74.18775,0.0,0.0,0.0,0.0,9.174319722480327,0.5129839953449349,742.0519188223452,56.657223796033996,2571.664,-29.764686908418014,-2030.3993006775877
0,0,1064,362,23/9/2017,03:51:58.00,4.616218,-74.18778,0.0,0.0,0.0,0.0,9.124540010147948,0.5102005523767535,744.5865132696085,56.39097744360902,2571.6010000000006,-47.84096243379134,-2078.240263111379
0,0,1065,363,23/9/2017,03:51:59.00,4.616237,-74.18781,0.0,0.0,0.0,0.0,9.074035845994509,0.5073766015343271,747.1070787823847,56.33802816901408,2571.53,-55.514303880979675,-2133.754566992359
0,0,1062,362,23/9/2017,03:52:00.00,4.616254,-74.18785,0.0,0.0,0.0,0.0,9.017483141368293,0.5042144452933982,749.6119352105426,56.497175141242934,2571.4730000000004,-42.38844348684868,-2176.1430104792075
0,0,1068,360,23/9/2017,03:52:01.00,4.616274,-74.18789,0.0,0.0,0.0,0.0,8.963184351348616,0.50117831715646,752.1017086414728,56.17977528089888,2571.4180000000006,-40.610790360613954,-2216.7538008398215
0,0,1056,354,23/9/2017,03:52:02.00,4.616290,-74.18792,0.0,0.0,0.0,0.0,8.914953137078825,0.4984814587795028,754.5780845128836,56.81818181818182,2571.3740000000007,-30.30865036180462,-2247.062451201626
0,0,1036,351,23/9/2017,03:52:03.00,4.616311,-74.18795,0.0,0.0,0.0,0.0,8.863242902894068,0.49559007028043844,757.0400964303542,57.915057915057915,2571.3350000000005,-25.684467260533033,-2272.746918462159
0,0,1033,347,23/9/2017,03:52:04.00,4.616332,-74.18797,0.0,0.0,0.0,0.0,8.817314808447778,0.4930219913274119,759.489350543812,58.083252662149086,2571.2950000000005,-26.726261287877918,-2299.473179750037
0,0,1022,338,23/9/2017,03:52:05.00,4.616359,-74.18800,0.0,0.0,0.0,0.0,8.773611922144044,0.49057833535047224,761.9264649666297,58.70841487279843,2571.264000000001,-18.303320296708552,-2317.7765000467457
0,0,988,331,23/9/2017,03:52:06.00,4.616391,-74.18802,0.0,0.0,0.0,0.0,8.731353359160432,0.4882154390123655,764.3518408997298,60.72874493927126,2571.234000000001,-17.443317693567845,-2335.2198177403134
0,0,969,331,23/9/2017,03:52:07.00,4.616418,-74.18805,0.0,0.0,0.0,0.0,8.691333510518914,0.4859777208523018,766.7661002082073,61.919504643962846,2571.2000000000007,-21.307711477998364,-2356.527529218312
0,0,969,326,23/9/2017,03:52:08.00,4.616448,-74.18807,0.0,0.0,0.0,0.0,8.658819273127907,0.4841596805063171,769.1713277840761,61.919504643962846,2571.1590000000006,-27.9956061052226,-2384.5231353235345
0,0,969,334,23/9/2017,03:52:09.00,4.616481,-74.18810,0.0,0.0,0.0,0.0,8.627252397092567,0.4823946120675654,771.5677867832685,61.919504643962846,2571.1120000000005,-33.733734971128,-2418.2568702946623
0,0,1650,327,23/9/2017,03:52:10.00,4.616522,-74.18812,0.0,0.0,0.0,0.0,8.60011204647468,0.48087705371815326,773.9567067961781,36.36363636363637,2571.0640000000003,-34.73440133098652,-2452.991271625649
0,0,1349,321,23/9/2017,03:52:11.00,4.616563,-74.18813,0.0,0.0,0.0,0.0,8.5665811304528,0.4790021655750759,776.3363126657483,44.47739065974796,2571.0200000000004,-31.015817229697763,-2484.007088855347
0,0,948,318,23/9/2017,03:52:12.00,4.616604,-74.18814,0.0,0.0,0.0,0.0,8.52744977144933,0.47681412749791047,778.7050487133731,63.291139240506325,2570.98,-27.307880192469145,-2511.314969047816
0,0,939,320,23/9/2017,03:52:13.00,4.616642,-74.18816,0.0,0.0,0.0,0.0,8.482364090916999,0.4742931522940871,781.0612609608501,63.89776357827477,2570.943,-24.556660507174662,-2535.8716295549902
0,0,939,317,23/9/2017,03:52:14.00,4.616686,-74.18817,0.0,0.0,0.0,0.0,8.436454352877966,0.47172609974339014,783.4047205033162,63.89776357827477,2570.907,-23.699804106011772,-2559.571433661002
0,0,2112,321,23/9/2017,03:52:15.00,4.616727,-74.18819,0.0,0.0,0.0,0.0,8.390855725677737,0.4691764430199493,785.7355137604488,28.40909090909091,2570.876,-19.05889777651412,-2578.6303314375164
0,0,2112,333,23/9/2017,03:52:16.00,4.616765,-74.18820,0.0,0.0,0.0,0.0,8.342918127462783,0.46649600224576415,788.0529910180774,28.40909090909091,2570.8469999999998,-17.25850541550293,-2595.8888368530193
0,0,1567,323,23/9/2017,03:52:17.00,4.616805,-74.18822,0.0,0.0,0.0,0.0,8.29558865061613,0.46384956470436384,790.357321198804,38.28972559029994,2570.817,-18.29489834836429,-2614.1837352013836
0,0,950,323,23/9/2017,03:52:18.00,4.616846,-74.18823,0.0,0.0,0.0,0.0,8.24840143372525,0.4612110816579776,792.6485438192833,63.1578947368421,2570.79,-15.547007471265673,-2629.7307426726493
0,0,950,326,23/9/2017,03:52:19.00,4.616880,-74.18824,0.0,0.0,0.0,0.0,8.204251879227149,0.45874245013605236,794.9275026746242,63.1578947368421,2570.771,-8.06479835798329,-2637.7955410306326
0,0,950,324,23/9/2017,03:52:20.00,4.616917,-74.18826,0.0,0.0,0.0,0.0,8.160544962910231,0.4562985688200873,797.194320719877,63.1578947368421,2570.7490000000003,-10.984336535294286,-2648.779877565927
0,0,3611,332,23/9/2017,03:52:21.00,4.616955,-74.18827,0.0,0.0,0.0,0.0,8.115604166537949,0.4537856948442059,799.448655210582,16.61589587371919,2570.7290000000007,-9.176079702970979,-2657.955957268898
0,0,3611,333,23/9/2017,03:52:22.00,4.616990,-74.18829,0.0,0.0,0.0,0.0,8.073003703028581,0.45140368106709355,801.6911562392011,16.61589587371919,2570.7080000000005,-10.201632293408416,-2668.1575895623064
0,0,3611,339,23/9/2017,03:52:23.00,4.617023,-74.18831,0.0,0.0,0.0,0.0,8.027975934244832,0.44888594401073656,803.921149554269,16.61589587371919,2570.6840000000007,-13.121261574473849,-2681.2788511367803
0,0,3611,352,23/9/2017,03:52:24.00,4.617059,-74.18832,0.0,0.0,0.0,0.0,7.984764114617827,0.4464697461291575,806.1391395861074,16.61589587371919,2570.656000000001,-16.984330957063154,-2698.2631820938436
0,0,3611,364,23/9/2017,03:52:25.00,4.617093,-74.18833,0.0,0.0,0.0,0.0,7.948590084861548,0.44444706773191,808.3470812763467,16.61589587371919,2570.6290000000004,-16.106564992566703,-2714.3697470864104
0,0,0,380,23/9/2017,03:52:26.00,4.617127,-74.18835,0.0,0.0,0.0,0.0,7.919929820221796,0.4428445230738557,810.5470617819639,0,2570.6050000000005,-13.322972949848419,-2727.692720036259
0,0,0,406,23/9/2017,03:52:27.00,4.617160,-74.18836,0.0,0.0,0.0,0.0,7.898762761003799,0.44166096255538545,812.7411625489094,0,2570.5830000000005,-11.471049715993917,-2739.163769752253
0,0,0,462,23/9/2017,03:52:28.00,4.617191,-74.18837,0.0,0.0,0.0,0.0,7.8889213175346145,0.44111067619699607,814.9325295815579,0,2570.5610000000006,-11.490147589392015,-2750.653917341645
0,0,0,490,23/9/2017,03:52:29.00,4.617215,-74.18838,0.0,0.0,0.0,0.0,7.900999263391842,0.44178601705155757,817.1272515991667,0,2570.542000000001,-8.63071209067752,-2759.2846294323226
0,0,0,640,23/9/2017,03:52:30.00,4.617236,-74.18839,0.0,0.0,0.0,0.0,7.930834048063432,0.44345423524146715,819.3302610569621,0,2570.529000000001,-2.8990322500291623,-2762.1836616823516
0,0,0,715,23/9/2017,03:52:31.00,4.617256,-74.18840,0.0,0.0,0.0,0.0,7.987928410471977,0.44664667838994826,821.5491300598709,0,2570.521000000001,1.9429008419023728,-2760.240760840449
0,0,0,798,23/9/2017,03:52:32.00,4.617270,-74.18841,0.0,0.0,0.0,0.0,8.050265902084421,0.4501322921983241,823.7853150326721,0,2570.5190000000007,7.734434537698186,-2752.506326302751
0,0,0,800,23/9/2017,03:52:33.00,4.617288,-74.18842,0.0,0.0,0.0,0.0,8.1177145666942,0.4539036983078608,826.0402357456427,0,2570.5160000000005,6.916009327992068,-2745.590316974759
0,0,0,902,23/9/2017,03:52:34.00,4.617305,-74.18842,0.0,0.0,0.0,0.0,8.179814983076414,0.4573760560054318,828.312406574275,0,2570.5170000000003,10.81246577521029,-2734.7778511995484
0,0,0,1413,23/9/2017,03:52:35.00,4.617317,-74.18842,0.0,0.0,0.0,0.0,8.24246132183809,0.46087893906639066,830.6019791636744,0,2570.525,17.551082984861825,-2717.2267682146867
0,0,0,1229,23/9/2017,03:52:36.00,4.617328,-74.18842,0.0,0.0,0.0,0.0,8.32026522527835,0.46522936050880204,832.913163948474,0,2570.5350000000003,19.59846604908259,-2697.628302165604
0,0,0,1190,23/9/2017,03:52:37.00,4.617340,-74.18843,0.0,0.0,0.0,0.0,8.386822378149759,0.4689509175540723,835.2428368312934,0,2570.5480000000002,22.557257878684435,-2675.0710442869195
0,0,0,1190,23/9/2017,03:52:38.00,4.617350,-74.18843,0.0,0.0,0.0,0.0,8.450205112842445,0.4724949763466682,837.5901160293051,0,2570.561,22.678267773954154,-2652.392776512965
0,0,0,1499,23/9/2017,03:52:39.00,4.617357,-74.18843,0.0,0.0,0.0,0.0,8.508540528428869,0.4757568132417029,839.9535995094243,0,2570.5690000000004,18.060796394460606,-2634.3319801185044
0,0,0,1203,23/9/2017,03:52:40.00,4.617367,-74.18843,0.0,0.0,0.0,0.0,8.579143231744077,0.47970457808142625,842.3366948515754,0,2570.577,18.20555568814642,-2616.126424430358
0,0,0,883,23/9/2017,03:52:41.00,4.617381,-74.18844,0.0,0.0,0.0,0.0,8.64501976517066,0.48338807814888485,844.7380892307895,0,2570.597,29.682964030949275,-2586.4434603994087
0,0,0,675,23/9/2017,03:52:42.00,4.617398,-74.18844,0.0,0.0,0.0,0.0,8.69155796137298,0.4859902710684879,847.1524108867264,0,2570.626,38.279499844148454,-2548.16396055526
0,0,0,625,23/9/2017,03:52:43.00,4.617417,-74.18845,0.0,0.0,0.0,0.0,8.614953366107846,0.4817069091921191,849.545453488423,0,2570.66,42.86948408935641,-2505.2944764659037
0,0,1604,625,23/9/2017,03:52:44.00,4.617437,-74.18846,0.0,0.0,0.0,0.0,8.532220403221503,0.47708087836564095,851.9155147115401,37.40648379052369,2570.698,46.49287086347123,-2458.8016056024326
0,0,1604,617,23/9/2017,03:52:45.00,4.617456,-74.18847,0.0,0.0,0.0,0.0,8.44948744033516,0.4724548475391628,854.2625945560777,37.40648379052369,2570.736,46.33135807502336,-2412.4702475274094
0,0,1604,609,23/9/2017,03:52:46.00,4.617478,-74.18848,0.0,0.0,0.0,0.0,8.365681764801991,0.46776883576193606,856.5863950463005,37.40648379052369,2570.773,45.22445662552688,-2367.2457909018826
0,0,3285,595,23/9/2017,03:52:47.00,4.617500,-74.18848,0.0,0.0,0.0,0.0,8.280775193695316,0.463021267179754,858.8866103778826,18.264840182648403,2570.8100000000004,45.06298669877263,-2322.18280420311
0,0,3285,570,23/9/2017,03:52:48.00,4.617522,-74.18849,0.0,0.0,0.0,0.0,8.193870820915542,0.45816199110152056,861.1626856059147,18.264840182648403,2570.849,46.791616133866725,-2275.3911880692435
0,0,3285,579,23/9/2017,03:52:49.00,4.617545,-74.18850,0.0,0.0,0.0,0.0,8.10315485283841,0.45308958887950496,863.4135619539254,18.264840182648403,2570.8900000000003,48.516277983962034,-2226.8749100852815
0,0,2917,589,23/9/2017,03:52:50.00,4.617566,-74.18851,0.0,0.0,0.0,0.0,8.013848977529317,0.4480960322878834,865.6396311143502,20.56907781967775,2570.9300000000003,47.40481155556013,-2179.4700985297213
0,0,1472,571,23/9/2017,03:52:51.00,4.617585,-74.18852,0.0,0.0,0.0,0.0,7.926059331003061,0.4431872559439974,867.841314261851,40.76086956521739,2570.9700000000007,47.243683626678234,-2132.226414903043
0,0,1472,565,23/9/2017,03:52:52.00,4.617607,-74.18853,0.0,0.0,0.0,0.0,7.835502235024137,0.4381237370883951,870.0178426604689,40.76086956521739,2571.0080000000007,45.190846325163676,-2087.035568577879
0,0,1472,579,23/9/2017,03:52:53.00,4.617629,-74.18854,0.0,0.0,0.0,0.0,7.743983470769333,0.4330064463511405,872.168949180127,40.76086956521739,2571.0470000000005,45.974219540673545,-2041.0613490372054
0,0,2661,540,23/9/2017,03:52:54.00,4.617653,-74.18854,0.0,0.0,0.0,0.0,7.654677595460238,0.42801288975951884,874.2952485121994,22.547914317925592,2571.0880000000006,47.70695734441148,-1993.354391692794
0,0,2661,512,23/9/2017,03:52:55.00,4.617678,-74.18855,0.0,0.0,0.0,0.0,7.55892185137882,0.4226586874140579,876.3949490264713,22.547914317925592,2571.1290000000004,47.54494250884454,-1945.8094491839495
0,0,1291,506,23/9/2017,03:52:56.00,4.617701,-74.18856,0.0,0.0,0.0,0.0,7.457929465042951,0.41701167712782966,878.4665961000943,46.47560030983734,2571.1710000000007,48.32117688987803,-1897.4882722940715
0,0,1291,505,23/9/2017,03:52:57.00,4.617727,-74.18857,0.0,0.0,0.0,0.0,7.355739540529187,0.411297706245322,880.5098570835746,46.47560030983734,2571.2150000000006,50.040416749299645,-1847.447855544772
0,0,1291,535,23/9/2017,03:52:58.00,4.617752,-74.18858,0.0,0.0,0.0,0.0,7.253347259729257,0.4055724205689877,882.5246757668327,46.47560030983734,2571.2590000000005,49.86941555942091,-1797.578439985351
0,0,1291,548,23/9/2017,03:52:59.00,4.617775,-74.18859,0.0,0.0,0.0,0.0,7.156696602151752,0.4001681789492701,884.5126470452083,46.47560030983734,2571.303000000001,49.70562587827798,-1747.872814107073
0,0,0,681,23/9/2017,03:53:00.00,4.617795,-74.18860,0.0,0.0,0.0,0.0,7.062338752144516,0.3948921401416991,886.4744078096928,0,2571.348000000001,50.495933610346874,-1697.3768804967262
0,0,0,689,23/9/2017,03:53:01.00,4.617813,-74.18860,0.0,0.0,0.0,0.0,6.986409087234142,0.39064651713648785,888.4150770005912,0,2571.393000000001,50.36171291875563,-1647.0151675779707
0,0,0,756,23/9/2017,03:53:02.00,4.617828,-74.18861,0.0,0.0,0.0,0.0,6.911361043977298,0.3864501901893922,890.334899512807,0,2571.437000000001,49.29574705627242,-1597.7194205216983
0,0,0,829,23/9/2017,03:53:03.00,4.617842,-74.18862,0.0,0.0,0.0,0.0,6.842964083919143,0.3826257599426344,892.2357228694513,0,2571.481000000001,49.18402152577604,-1548.5353989959224
0,0,0,935,23/9/2017,03:53:04.00,4.617853,-74.18862,0.0,0.0,0.0,0.0,6.780590016604349,0.37913810099625467,894.1192200962857,0,2571.5240000000013,48.13756821706537,-1500.397830778857
0,0,0,1216,23/9/2017,03:53:05.00,4.617863,-74.18862,0.0,0.0,0.0,0.0,6.725287233926312,0.37604583440101524,895.9873554390431,0,2571.5660000000016,47.10269089239266,-1453.2951398864643
0,0,0,1414,23/9/2017,03:53:06.00,4.617872,-74.18863,0.0,0.0,0.0,0.0,6.682764123890156,0.3736681458594454,897.8436788067903,0,2571.6080000000015,47.032245592802276,-1406.262894293662
0,0,0,1414,23/9/2017,03:53:07.00,4.617880,-74.18863,0.0,0.0,0.0,0.0,6.6461954521758955,0.37162340097504026,899.6898442101725,0,2571.6520000000014,48.86566713590291,-1357.397227157759
0,0,0,1435,23/9/2017,03:53:08.00,4.617888,-74.18864,0.0,0.0,0.0,0.0,6.6096267804616335,0.36957865609063506,901.5258516491896,0,2571.6970000000015,49.755418123922226,-1307.6418090338368
0,0,0,1435,23/9/2017,03:53:09.00,4.617894,-74.18864,0.0,0.0,0.0,0.0,6.573593260040752,0.36756383430209927,903.3518497769787,0,2571.7440000000015,51.591805444464384,-1256.0500035893724
0,0,0,1435,23/9/2017,03:53:10.00,4.617898,-74.18864,0.0,0.0,0.0,0.0,6.537559739619871,0.36554901251356353,905.1678385935398,0,2571.7920000000013,52.48288349629936,-1203.567120093073
0,0,0,2580,23/9/2017,03:53:11.00,4.617903,-74.18865,0.0,0.0,0.0,0.0,6.501526219198988,0.36353419072502763,906.9738180988729,0,2571.840000000001,52.428510216180214,-1151.1386098768928
0,0,0,2580,23/9/2017,03:53:12.00,4.617908,-74.18865,0.0,0.0,0.0,0.0,6.481484319274972,0.36241354372248935,908.7742304097826,0,2571.8880000000013,52.394986716496206,-1098.7436231603965
0,0,0,2701,23/9/2017,03:53:13.00,4.617911,-74.18865,0.0,0.0,0.0,0.0,6.461442419350954,0.361292896719951,910.569075526269,0,2571.9350000000013,51.41922743058809,-1047.3243957298084
0,0,0,2701,23/9/2017,03:53:14.00,4.617912,-74.18866,0.0,0.0,0.0,0.0,6.442298360926679,0.36022245271160264,912.3586028487487,0,2571.9810000000016,50.44475298112347,-996.879642748685
0,0,0,2701,23/9/2017,03:53:15.00,4.617914,-74.18866,0.0,0.0,0.0,0.0,6.423154302502405,0.3591520087032543,914.1428123772215,0,2572.0280000000016,51.361894256766384,-945.5177484919186
0,0,0,2701,23/9/2017,03:53:16.00,4.617918,-74.18866,0.0,0.0,0.0,0.0,6.404010244078131,0.358081564694906,915.9217041116876,0,2572.0750000000016,51.33340018067064,-894.184348311248
0,0,0,3334,23/9/2017,03:53:17.00,4.617923,-74.18866,0.0,0.0,0.0,0.0,6.3848661856538556,0.3570111206865576,917.695278052147,0,2572.1220000000017,51.30497648970492,-842.879371821543
0,0,0,1416,23/9/2017,03:53:18.00,4.617932,-74.18867,0.0,0.0,0.0,0.0,6.369356856978402,0.35614391334806067,919.4645438457521,0,2572.1670000000017,49.39011279201468,-793.4892590295284
0,0,0,1067,23/9/2017,03:53:19.00,4.617942,-74.18867,0.0,0.0,0.0,0.0,6.332839835930403,0.3541020565214018,921.2236660223995,0,2572.210000000002,47.448913104965676,-746.0403459245628
0,0,0,781,23/9/2017,03:53:20.00,4.617956,-74.18868,0.0,0.0,0.0,0.0,6.284378634614597,0.3513923383709342,922.9693267542368,0,2572.2510000000016,45.49017026554976,-700.550175659013
0,0,0,865,23/9/2017,03:53:21.00,4.617970,-74.18869,0.0,0.0,0.0,0.0,6.218171077887369,0.3476903290667744,924.6965964980944,0,2572.287000000002,40.672780722021045,-659.877394936992
0,0,0,919,23/9/2017,03:53:22.00,4.617982,-74.18869,0.0,0.0,0.0,0.0,6.158392925512843,0.3443478212441745,926.4072611996257,0,2572.321000000002,38.69185128956806,-621.185543647424
0,0,0,919,23/9/2017,03:53:23.00,4.617992,-74.18869,0.0,0.0,0.0,0.0,6.102127308751184,0.34120171758090045,928.1022965631678,0,2572.3530000000023,36.71811990283745,-584.4674237445865
0,0,0,1792,23/9/2017,03:53:24.00,4.617998,-74.18869,0.0,0.0,0.0,0.0,6.045861691989525,0.33805561391762634,929.7817025887205,0,2572.3840000000023,35.69223397869014,-548.7751897658964
0,0,0,1792,23/9/2017,03:53:25.00,4.618003,-74.18870,0.0,0.0,0.0,0.0,6.017006724464991,0.33644218240727547,931.4530933455163,0,2572.414000000002,34.696798085333185,-514.0783916805632
0,0,0,1819,23/9/2017,03:53:26.00,4.618013,-74.18870,0.0,0.0,0.0,0.0,5.988151756940455,0.33482875089692443,933.1164688335554,0,2572.448000000002,38.43896976352431,-475.6394219170389
0,0,0,942,23/9/2017,03:53:27.00,4.618026,-74.18870,0.0,0.0,0.0,0.0,5.959725092947072,0.33323926806759574,934.7719480260406,0,2572.477000000002,33.67025789654615,-441.9691640204927
0,0,0,728,23/9/2017,03:53:28.00,4.618042,-74.18870,0.0,0.0,0.0,0.0,5.9048332651296995,0.3301699800988602,936.4121794885766,0,2572.5080000000025,35.49325583732825,-406.47590818316445
0,0,1382,649,23/9/2017,03:53:29.00,4.618059,-74.18870,0.0,0.0,0.0,0.0,5.833805652761615,0.32619845638107325,938.0326810587882,43.415340086830675,2572.5440000000026,40.13096570153737,-366.3449424816271
0,0,1111,593,23/9/2017,03:53:30.00,4.618076,-74.18870,0.0,0.0,0.0,0.0,5.754132152293256,0.3217434960319995,939.6310511010919,54.005400540054005,2572.5800000000027,40.026355801940646,-326.3185866796864
0,0,1111,555,23/9/2017,03:53:31.00,4.618098,-74.18871,0.0,0.0,0.0,0.0,5.666934678762118,0.3168678311642948,941.2051996229702,54.005400540054005,2572.6110000000026,35.18387755850331,-291.1347091211831
0,0,1028,537,23/9/2017,03:53:32.00,4.618117,-74.18872,0.0,0.0,0.0,0.0,5.573766927763983,0.31165833699033285,942.7534682140158,58.36575875486381,2572.6420000000026,35.06263669582668,-256.0720724253564
0,0,1015,534,23/9/2017,03:53:33.00,4.618139,-74.18873,0.0,0.0,0.0,0.0,5.4774762353916095,0.30627422289992534,944.2749893905135,59.11330049261083,2572.668000000003,30.208247598580257,-225.86382482677612
0,0,1013,534,23/9/2017,03:53:34.00,4.618163,-74.18874,0.0,0.0,0.0,0.0,5.380644584073323,0.3008598609775492,945.7696128860895,59.23000987166831,2572.697000000003,32.91866662788997,-192.94515819888616
0,0,1042,523,23/9/2017,03:53:35.00,4.618187,-74.18876,0.0,0.0,0.0,0.0,5.283812932755035,0.2954454990551729,947.2373387007436,57.58157389635316,2572.731000000003,37.52161435985489,-155.42354383903128
0,0,1042,538,23/9/2017,03:53:36.00,4.618212,-74.18877,0.0,0.0,0.0,0.0,5.184944669267531,0.2899172595397831,948.6776011088735,57.58157389635316,2572.768000000003,40.233487117560905,-115.19005672147037
0,0,1042,558,23/9/2017,03:53:37.00,4.618235,-74.18878,0.0,0.0,0.0,0.0,5.088832955877261,0.28454315309638367,950.0911658188395,57.58157389635316,2572.811000000003,45.78387387917388,-69.40618284229649
0,0,1042,560,23/9/2017,03:53:38.00,4.618258,-74.18878,0.0,0.0,0.0,0.0,4.996166106766212,0.2793616669556151,951.4789897373856,57.58157389635316,2572.855000000003,46.61102243004568,-22.79516041225081
0,0,0,602,23/9/2017,03:53:39.00,4.618281,-74.18879,0.0,0.0,0.0,0.0,4.903830210687703,0.27419868612249204,952.84116479591,0,2572.9000000000033,47.44208871999518,24.646928307744375
0,0,0,584,23/9/2017,03:53:40.00,4.618303,-74.18880,0.0,0.0,0.0,0.0,4.817936353870485,0.26939591325447065,954.1794804497629,0,2572.9440000000036,46.386782172625125,71.0337104803695
0,0,0,542,23/9/2017,03:53:41.00,4.618327,-74.18880,0.0,0.0,0.0,0.0,4.7293950836582175,0.2644451097158596,955.4932013063346,0,2572.9900000000034,48.17248284632197,119.20619332669148
0,0,0,548,23/9/2017,03:53:42.00,4.618348,-74.18881,0.0,0.0,0.0,0.0,4.633992681805883,0.2591106645746255,956.7804214957251,0,2573.0370000000034,49.00844132950213,168.2146346561936
0,0,2038,510,23/9/2017,03:53:43.00,4.618371,-74.18882,0.0,0.0,0.0,0.0,4.539634831798648,0.25383462576705457,958.0414311712248,29.44062806673209,2573.0840000000035,48.895700577839655,217.11033523403324
0,0,961,491,23/9/2017,03:53:44.00,4.618396,-74.18883,0.0,0.0,0.0,0.0,4.438246396888912,0.2481654703424489,959.2742773925828,62.434963579604585,2573.1330000000034,50.67325409350203,267.78358932753525
0,0,928,467,23/9/2017,03:53:45.00,4.618421,-74.18884,0.0,0.0,0.0,0.0,4.332934580587558,0.24227693823135144,960.4778703316349,64.6551724137931,2573.1830000000036,51.49983753325377,319.283426860789
0,0,890,445,23/9/2017,03:53:46.00,4.618448,-74.18885,0.0,0.0,0.0,0.0,4.222210593855298,0.236085783484994,961.6507066077058,67.41573033707866,2573.233000000004,51.37739078309774,370.66081764388673
0,0,1033,418,23/9/2017,03:53:47.00,4.618478,-74.18886,0.0,0.0,0.0,0.0,4.106012612273354,0.22958854917814256,962.7912656666707,58.083252662149086,2573.2870000000034,55.03320450932497,425.6940221532117
0,0,1069,407,23/9/2017,03:53:48.00,4.618508,-74.18888,0.0,0.0,0.0,0.0,3.9823090194409017,0.22267163705721227,963.8974626165154,56.12722170252572,2573.341000000004,54.901862917911046,480.5958850711227
0,0,1035,405,23/9/2017,03:53:49.00,4.618538,-74.18889,0.0,0.0,0.0,0.0,3.855262086261627,0.215567781365446,964.9683687515881,57.971014492753625,2573.399000000004,58.54755657431304,539.1434416454358
0,0,1035,415,23/9/2017,03:53:50.00,4.618569,-74.18890,0.0,0.0,0.0,0.0,3.727587760819737,0.20842884490483143,966.0038097962602,57.971014492753625,2573.4560000000038,57.46373139625882,596.6071730416946
0,0,1035,424,23/9/2017,03:53:51.00,4.618600,-74.18891,0.0,0.0,0.0,0.0,3.6029899251475324,0.20146193100953294,967.0046403310233,57.971014492753625,2573.514000000004,58.272700938558735,654.8798739802534
0,0,1035,440,23/9/2017,03:53:52.00,4.618629,-74.18892,0.0,0.0,0.0,0.0,3.4810368548551613,0.19464289972050253,967.9715950129275,57.971014492753625,2573.5700000000043,56.249772426238316,711.1296464064917
0,0,0,447,23/9/2017,03:53:53.00,4.618657,-74.18893,0.0,0.0,0.0,0.0,3.363518441664332,0.1880718332056187,968.9059056911676,0,2573.624000000004,54.23147291165813,765.3611193181498
0,0,0,440,23/9/2017,03:53:54.00,4.618686,-74.18894,0.0,0.0,0.0,0.0,3.2478403615659754,0.18160366929835048,969.8080835693804,0,2573.677000000004,53.164471674651146,818.525590992801
0,0,0,457,23/9/2017,03:53:55.00,4.618714,-74.18896,0.0,0.0,0.0,0.0,3.130321948375146,0.17503260278346666,970.6776174439291,0,2573.7300000000046,53.04575341296794,871.571344405769
0,0,0,479,23/9/2017,03:53:56.00,4.618740,-74.18897,0.0,0.0,0.0,0.0,3.017175117294259,0.16870597419145597,971.5157216431775,0,2573.7830000000044,52.92729857043552,924.4986429762045
0,0,0,458,23/9/2017,03:53:57.00,4.618766,-74.18898,0.0,0.0,0.0,0.0,2.909225009144019,0.1626699214429197,972.3238397012731,0,2573.8370000000045,53.76023752369187,978.2588804998963
0,0,1161,446,23/9/2017,03:53:58.00,4.618793,-74.18899,0.0,0.0,0.0,0.0,2.796325223545842,0.15635710645045486,973.1005967078136,51.679586563307495,2573.8910000000046,53.652177708092246,1031.9110582079886
0,0,1134,450,23/9/2017,03:53:59.00,4.618821,-74.18900,0.0,0.0,0.0,0.0,2.6803877755548884,0.1498744399335291,973.8451488676899,52.910052910052904,2573.942000000004,50.703985695624034,1082.6150439036126
0,0,1134,451,23/9/2017,03:54:00.00,4.618848,-74.18901,0.0,0.0,0.0,0.0,2.5654808826571878,0.143449397118976,974.5577824462058,52.910052910052904,2573.991000000004,48.69993283145905,1131.3149767350717
0,0,1134,457,23/9/2017,03:54:01.00,4.618874,-74.18902,0.0,0.0,0.0,0.0,2.45082877222711,0.13703860051908934,975.2385682162688,52.910052910052904,2574.035000000004,43.86108468951881,1175.1760614245904
0,0,1134,469,23/9/2017,03:54:02.00,4.618901,-74.18902,0.0,0.0,0.0,0.0,2.3376819411462235,0.13071197192707867,975.8879243110317,52.910052910052904,2574.0770000000043,41.86032067076825,1217.0363820953587
0,0,0,473,23/9/2017,03:54:03.00,4.618929,-74.18903,0.0,0.0,0.0,0.0,2.2274301249330786,0.12454721869349897,976.5066549012909,0,2574.120000000004,42.698796914714826,1259.7351790100736
0,0,0,467,23/9/2017,03:54:04.00,4.618954,-74.18904,0.0,0.0,0.0,0.0,2.1181106708020736,0.11843459867965352,977.0950189765136,0,2574.1640000000043,43.54059461187195,1303.2757736219455
0,0,0,456,23/9/2017,03:54:05.00,4.618982,-74.18905,0.0,0.0,0.0,0.0,2.0073866840698145,0.11224344393329617,977.6526263887553,0,2574.206000000004,41.547097113162835,1344.8228707351084
0,0,1157,450,23/9/2017,03:54:06.00,4.619010,-74.18906,0.0,0.0,0.0,0.0,1.8939917239733994,0.10590294115577668,978.1787352009701,51.85825410544512,2574.249000000004,42.38960816754151,1387.21247890265
0,0,1130,440,23/9/2017,03:54:07.00,4.619039,-74.18906,0.0,0.0,0.0,0.0,1.7790848310756993,0.09947789834122361,978.6729254318244,53.097345132743364,2574.288000000004,38.50279142538509,1425.715270328035
0,0,1100,417,23/9/2017,03:54:08.00,4.619069,-74.18906,0.0,0.0,0.0,0.0,1.6615664178848695,0.09290683182633978,979.1344716590147,54.54545454545455,2574.3270000000043,38.397450659689156,1464.1127209877243
0,0,1022,382,23/9/2017,03:54:09.00,4.619099,-74.18907,0.0,0.0,0.0,0.0,1.5375661737506605,0.08597333238617459,979.5615733739454,58.70841487279843,2574.364000000004,36.399474388397635,1500.512195376122
0,0,959,375,23/9/2017,03:54:10.00,4.619132,-74.18906,0.0,0.0,0.0,0.0,1.4022046507036312,0.07840456467269583,979.9510746658075,62.56517205422315,2574.394000000004,29.669541135884433,1530.1817365120064
0,0,959,384,23/9/2017,03:54:11.00,4.619165,-74.18906,0.0,0.0,0.0,0.0,1.2643163792263912,0.07069451329523214,980.302273660037,62.56517205422315,2574.419000000004,24.820629741320666,1555.0023662533272
0,0,959,391,23/9/2017,03:54:12.00,4.619199,-74.18906,0.0,0.0,0.0,0.0,1.129659864111899,0.06316516624692776,980.6160680667348,62.56517205422315,2574.442000000004,22.806077034628274,1577.8084432879555
0,0,959,408,23/9/2017,03:54:13.00,4.619233,-74.18905,0.0,0.0,0.0,0.0,0.9974140794470263,0.0557706156930943,980.8931275332478,62.56517205422315,2574.4650000000042,22.68627260803582,1600.4947158959912
0,0,0,431,23/9/2017,03:54:14.00,4.619263,-74.18905,0.0,0.0,0.0,0.0,0.870678535809857,0.04868417141233723,981.1349826820839,0,2574.4870000000037,21.623307543512865,1622.1180234395042
0,0,0,452,23/9/2017,03:54:15.00,4.619292,-74.18905,0.0,0.0,0.0,0.0,0.7507061418331397,0.04197589005143494,981.3435121659264,0,2574.506000000004,18.67477299429166,1640.792796433796
0,0,0,476,23/9/2017,03:54:16.00,4.619318,-74.18904,0.0,0.0,0.0,0.0,0.6363076865146328,0.03557927662986661,981.5202643010693,0,2574.526000000004,19.51473671169373,1660.3075331454897
0,0,0,484,23/9/2017,03:54:17.00,4.619344,-74.18903,0.0,0.0,0.0,0.0,0.5276772205399162,0.02950518153207484,981.6668413067749,0,2574.5430000000038,16.578182284801287,1676.885715430291
0,0,0,508,23/9/2017,03:54:18.00,4.619371,-74.18902,0.0,0.0,0.0,0.0,0.4208422994573436,0.02353148470036227,981.783741945513,0,2574.558000000004,14.592204474361724,1691.4779199046527
0,0,0,492,23/9/2017,03:54:19.00,4.619399,-74.18901,0.0,0.0,0.0,0.0,0.3190546974810342,0.017840009766210915,981.8723682503689,0,2574.576000000004,17.33443898631466,1708.8123588909673
0,0,1215,475,23/9/2017,03:54:20.00,4.619421,-74.18900,0.0,0.0,0.0,0.0,0.21395692958679619,0.01196344621631481,981.9318007308098,49.382716049382715,2574.593000000004,16.298087344528803,1725.110446235496
0,0,1215,492,23/9/2017,03:54:21.00,4.619443,-74.18901,0.0,0.0,0.0,0.0,0.10509776789423805,0.005876563549896107,981.9609945552248,49.382716049382715,2574.600000000004,6.753815402208346,1731.8642616377044
